Income,Seniority,Spending,Cluster,Cluster_Name
58138.0,154.93333333333334,1617.0,3,Stars
46344.0,136.6,27.0,1,Need attention
71613.0,143.23333333333332,776.0,3,Stars
26646.0,137.46666666666667,53.0,0,Leaky bucket
58293.0,138.2,422.0,0,Leaky bucket
62513.0,142.6,716.0,1,Need attention
55635.0,152.6,590.0,3,Stars
33454.0,146.73333333333332,169.0,0,Leaky bucket
30351.0,145.76666666666668,46.0,0,Leaky bucket
5648.0,136.43333333333334,49.0,1,Need attention
7500.0,152.6,61.0,0,Leaky bucket
63033.0,140.36666666666667,1102.0,1,Need attention
59354.0,140.36666666666667,310.0,1,Need attention
17323.0,153.73333333333332,46.0,0,Leaky bucket
82800.0,152.23333333333332,1315.0,3,Stars
41850.0,151.23333333333332,96.0,0,Leaky bucket
37760.0,155.06666666666666,317.0,1,Need attention
76995.0,148.1,1782.0,3,Stars
33812.0,152.93333333333334,133.0,0,Leaky bucket
37040.0,155.83333333333334,316.0,0,Leaky bucket
2447.0,150.8,1730.0,0,Leaky bucket
58607.0,151.26666666666668,972.0,1,Need attention
65324.0,138.46666666666667,544.0,1,Need attention
40689.0,148.43333333333334,444.0,1,Need attention
18589.0,150.93333333333334,75.0,0,Leaky bucket
53359.0,146.1,257.0,0,Leaky bucket
38360.0,145.96666666666667,131.0,0,Leaky bucket
84618.0,140.13333333333333,1672.0,3,Stars
10979.0,134.1,30.0,0,Leaky bucket
38620.0,146.63333333333333,318.0,1,Need attention
40548.0,153.73333333333332,120.0,0,Leaky bucket
46610.0,153.1,302.0,1,Need attention
68657.0,149.3,1196.0,1,Need attention
49389.0,142.96666666666667,65.0,1,Need attention
67353.0,138.83333333333334,913.0,3,Stars
23718.0,142.83333333333334,81.0,0,Leaky bucket
42429.0,137.43333333333334,67.0,0,Leaky bucket
48948.0,149.93333333333334,902.0,1,Need attention
80011.0,147.03333333333333,1395.0,3,Stars
20559.0,148.63333333333333,53.0,0,Leaky bucket
21994.0,151.23333333333332,22.0,0,Leaky bucket
7500.0,141.83333333333334,31.0,0,Leaky bucket
79941.0,132.86666666666667,984.0,3,Stars
7500.0,152.73333333333332,122.0,0,Leaky bucket
41728.0,146.2,55.0,0,Leaky bucket
72550.0,152.76666666666668,1319.0,3,Stars
65486.0,134.43333333333334,507.0,1,Need attention
79143.0,155.73333333333332,1693.0,3,Stars
35790.0,150.93333333333334,72.0,0,Leaky bucket
82582.0,133.56666666666666,1617.0,3,Stars
66373.0,145.56666666666666,606.0,3,Stars
82384.0,152.4,1957.0,3,Stars
70287.0,147.93333333333334,1093.0,3,Stars
27938.0,134.9,29.0,0,Leaky bucket
55954.0,136.76666666666668,518.0,1,Need attention
75777.0,144.83333333333334,1438.0,3,Stars
66653.0,154.83333333333334,612.0,3,Stars
61823.0,149.36666666666667,884.0,1,Need attention
67680.0,145.6,606.0,1,Need attention
70666.0,139.66666666666666,1076.0,1,Need attention
25721.0,146.3,34.0,0,Leaky bucket
32474.0,134.46666666666667,11.0,0,Leaky bucket
88194.0,136.23333333333332,1274.0,3,Stars
69096.0,142.0,653.0,1,Need attention
74854.0,147.73333333333332,1562.0,3,Stars
66991.0,154.7,1253.0,3,Stars
65031.0,148.46666666666667,863.0,1,Need attention
60631.0,147.83333333333334,661.0,3,Stars
28332.0,134.83333333333334,65.0,1,Need attention
40246.0,151.4,13.0,0,Leaky bucket
75251.0,155.2,1890.0,3,Stars
75825.0,153.66666666666666,2209.0,3,Stars
26326.0,142.76666666666668,18.0,0,Leaky bucket
56046.0,150.93333333333334,692.0,1,Need attention
29760.0,155.13333333333333,165.0,0,Leaky bucket
26304.0,145.2,16.0,0,Leaky bucket
23559.0,144.86666666666667,79.0,0,Leaky bucket
38620.0,146.63333333333333,318.0,1,Need attention
81361.0,136.96666666666667,778.0,3,Stars
29440.0,143.56666666666666,56.0,1,Need attention
36138.0,144.43333333333334,151.0,0,Leaky bucket
50388.0,133.9,372.0,1,Need attention
79593.0,134.43333333333334,1366.0,3,Stars
54178.0,138.13333333333333,194.0,1,Need attention
42394.0,136.1,32.0,0,Leaky bucket
23626.0,134.03333333333333,43.0,0,Leaky bucket
30096.0,134.1,45.0,0,Leaky bucket
47916.0,152.3,606.0,1,Need attention
51813.0,147.63333333333333,63.0,0,Leaky bucket
78497.0,139.83333333333334,978.0,1,Need attention
50150.0,145.3,410.0,0,Leaky bucket
47823.0,144.2,72.0,1,Need attention
34554.0,135.86666666666667,55.0,1,Need attention
85693.0,147.33333333333334,1169.0,3,Stars
65846.0,146.43333333333334,1120.0,1,Need attention
87195.0,134.56666666666666,1097.0,3,Stars
24594.0,139.53333333333333,29.0,0,Leaky bucket
49096.0,142.1,187.0,1,Need attention
52413.0,149.9,910.0,3,Stars
38557.0,151.4,145.0,0,Leaky bucket
89058.0,151.8,850.0,3,Stars
77298.0,140.8,969.0,3,Stars
68126.0,152.7,1820.0,3,Stars
57288.0,132.96666666666667,608.0,1,Need attention
86037.0,150.93333333333334,730.0,3,Stars
43974.0,151.63333333333333,551.0,0,Leaky bucket
50785.0,142.56666666666666,114.0,1,Need attention
90765.0,138.03333333333333,1724.0,3,Stars
36550.0,149.33333333333334,577.0,0,Leaky bucket
30753.0,144.6,81.0,0,Leaky bucket
21918.0,140.4,33.0,0,Leaky bucket
56129.0,145.3,660.0,1,Need attention
32557.0,137.0,80.0,0,Leaky bucket
19510.0,142.76666666666668,30.0,0,Leaky bucket
30992.0,147.26666666666668,43.0,0,Leaky bucket
101970.0,148.63333333333333,1135.0,3,Stars
71488.0,149.36666666666667,559.0,3,Stars
79607.0,147.3,1923.0,3,Stars
54348.0,133.53333333333333,90.0,1,Need attention
77376.0,134.5,661.0,1,Need attention
62998.0,141.9,463.0,1,Need attention
61331.0,148.7,632.0,1,Need attention
73448.0,137.46666666666667,725.0,1,Need attention
41551.0,143.46666666666667,279.0,1,Need attention
62981.0,148.46666666666667,1482.0,3,Stars
9548.0,155.83333333333334,29.0,0,Leaky bucket
33762.0,144.73333333333332,106.0,1,Need attention
35860.0,134.2,49.0,0,Leaky bucket
36921.0,144.03333333333333,38.0,0,Leaky bucket
92859.0,153.43333333333334,2077.0,3,Stars
65104.0,140.4,1053.0,3,Stars
86111.0,147.36666666666667,1385.0,3,Stars
68352.0,143.0,871.0,3,Stars
41883.0,148.4,312.0,0,Leaky bucket
59809.0,153.46666666666667,877.0,3,Stars
23957.0,153.13333333333333,68.0,0,Leaky bucket
38547.0,143.0,22.0,0,Leaky bucket
35688.0,155.36666666666667,211.0,0,Leaky bucket
49605.0,133.1,127.0,1,Need attention
59354.0,135.03333333333333,459.0,1,Need attention
65747.0,136.63333333333333,460.0,1,Need attention
46344.0,151.56666666666666,429.0,0,Leaky bucket
34176.0,134.43333333333334,89.0,0,Leaky bucket
61010.0,153.76666666666668,1021.0,1,Need attention
69372.0,149.33333333333334,1381.0,3,Stars
49967.0,144.7,306.0,1,Need attention
60199.0,142.5,18.0,0,Leaky bucket
55375.0,141.33333333333334,162.0,0,Leaky bucket
80317.0,143.26666666666668,1231.0,3,Stars
30523.0,144.93333333333334,13.0,1,Need attention
70356.0,152.86666666666667,1706.0,3,Stars
23228.0,138.66666666666666,121.0,0,Leaky bucket
74165.0,146.96666666666667,1293.0,3,Stars
157243.0,136.83333333333334,1608.0,2,High potential
43482.0,140.43333333333334,88.0,1,Need attention
62551.0,140.26666666666668,421.0,1,Need attention
52332.0,143.0,259.0,1,Need attention
66951.0,140.8,1117.0,3,Stars
26091.0,136.96666666666667,89.0,1,Need attention
33456.0,135.13333333333333,36.0,0,Leaky bucket
28718.0,144.53333333333333,57.0,0,Leaky bucket
50447.0,135.13333333333333,148.0,1,Need attention
53537.0,137.83333333333334,93.0,1,Need attention
52074.0,135.7,119.0,1,Need attention
80427.0,154.66666666666666,1835.0,3,Stars
83837.0,151.5,1318.0,3,Stars
38853.0,134.06666666666666,45.0,0,Leaky bucket
38285.0,133.0,10.0,1,Need attention
78497.0,139.83333333333334,978.0,1,Need attention
51650.0,134.46666666666667,191.0,0,Leaky bucket
16248.0,134.5,57.0,0,Leaky bucket
66835.0,141.96666666666667,1033.0,1,Need attention
30477.0,138.1,66.0,0,Leaky bucket
28249.0,133.3,43.0,1,Need attention
25271.0,151.86666666666667,50.0,0,Leaky bucket
32303.0,136.6,39.0,0,Leaky bucket
61286.0,143.86666666666667,608.0,1,Need attention
74068.0,148.4,1581.0,3,Stars
45759.0,149.2,68.0,1,Need attention
24882.0,154.76666666666668,80.0,0,Leaky bucket
66973.0,146.43333333333334,1282.0,3,Stars
38872.0,146.0,91.0,0,Leaky bucket
51148.0,149.36666666666667,315.0,0,Leaky bucket
31353.0,138.9,31.0,0,Leaky bucket
69661.0,134.4,834.0,3,Stars
80067.0,142.26666666666668,1600.0,3,Stars
86718.0,150.43333333333334,1270.0,3,Stars
46854.0,135.83333333333334,263.0,0,Leaky bucket
69142.0,132.83333333333334,535.0,1,Need attention
75922.0,139.56666666666666,1295.0,3,Stars
63693.0,141.43333333333334,1150.0,3,Stars
102160.0,152.96666666666667,1240.0,3,Stars
40637.0,144.4,38.0,0,Leaky bucket
18890.0,152.7,35.0,0,Leaky bucket
29604.0,139.6,53.0,0,Leaky bucket
48721.0,146.56666666666666,293.0,1,Need attention
44794.0,133.53333333333333,65.0,1,Need attention
64497.0,154.73333333333332,1804.0,3,Stars
46097.0,148.0,241.0,1,Need attention
77972.0,136.26666666666668,1101.0,1,Need attention
44377.0,153.9,264.0,0,Leaky bucket
46014.0,150.3,541.0,0,Leaky bucket
70951.0,146.86666666666667,1198.0,3,Stars
41443.0,135.8,482.0,0,Leaky bucket
52195.0,134.43333333333334,17.0,0,Leaky bucket
83790.0,140.36666666666667,1615.0,3,Stars
44551.0,142.9,285.0,1,Need attention
69508.0,152.56666666666666,1135.0,3,Stars
45204.0,135.46666666666667,114.0,0,Leaky bucket
72460.0,140.4,1047.0,3,Stars
77622.0,135.36666666666667,714.0,3,Stars
30732.0,150.83333333333334,185.0,0,Leaky bucket
63887.0,154.8,1245.0,3,Stars
42011.0,148.16666666666666,189.0,0,Leaky bucket
51369.0,153.23333333333332,576.0,0,Leaky bucket
51537.0,151.73333333333332,1103.0,1,Need attention
79930.0,155.83333333333334,1753.0,3,Stars
34320.0,137.26666666666668,17.0,0,Leaky bucket
37070.0,148.36666666666667,433.0,0,Leaky bucket
81975.0,150.83333333333334,1588.0,3,Stars
38590.0,146.5,22.0,0,Leaky bucket
15033.0,135.3,19.0,1,Need attention
62745.0,148.26666666666668,1117.0,3,Stars
22212.0,139.56666666666666,69.0,0,Leaky bucket
23661.0,139.73333333333332,23.0,0,Leaky bucket
79761.0,141.76666666666668,605.0,1,Need attention
7500.0,139.0,57.0,0,Leaky bucket
73455.0,140.96666666666667,2088.0,3,Stars
64961.0,151.26666666666668,1009.0,3,Stars
22804.0,143.93333333333334,26.0,0,Leaky bucket
73687.0,139.93333333333334,1627.0,3,Stars
61074.0,155.53333333333333,1102.0,3,Stars
31686.0,133.63333333333333,17.0,1,Need attention
80134.0,146.33333333333334,1690.0,3,Stars
75027.0,150.7,1390.0,3,Stars
67546.0,155.06666666666666,2126.0,3,Stars
65176.0,153.1,1531.0,3,Stars
31160.0,142.36666666666667,64.0,0,Leaky bucket
29938.0,141.0,26.0,0,Leaky bucket
102692.0,147.83333333333334,1112.0,3,Stars
26490.0,154.33333333333334,210.0,0,Leaky bucket
75702.0,155.13333333333333,1148.0,3,Stars
30899.0,153.63333333333333,33.0,0,Leaky bucket
63342.0,153.53333333333333,1101.0,3,Stars
45989.0,153.33333333333334,322.0,1,Need attention
18701.0,145.83333333333334,44.0,0,Leaky bucket
40737.0,139.6,17.0,1,Need attention
15287.0,153.73333333333332,31.0,0,Leaky bucket
69674.0,146.26666666666668,845.0,3,Stars
44159.0,133.23333333333332,275.0,0,Leaky bucket
37717.0,152.26666666666668,25.0,0,Leaky bucket
43776.0,149.86666666666667,275.0,1,Need attention
38179.0,148.56666666666666,90.0,0,Leaky bucket
80124.0,132.93333333333334,1495.0,3,Stars
38097.0,153.56666666666666,184.0,0,Leaky bucket
72940.0,145.33333333333334,981.0,3,Stars
22070.0,141.76666666666668,67.0,0,Leaky bucket
69267.0,154.33333333333334,1635.0,3,Stars
31788.0,136.2,60.0,0,Leaky bucket
61905.0,137.66666666666666,231.0,0,Leaky bucket
29315.0,135.63333333333333,48.0,1,Need attention
33378.0,149.76666666666668,99.0,0,Leaky bucket
66313.0,142.36666666666667,770.0,1,Need attention
60714.0,150.43333333333334,957.0,1,Need attention
77882.0,134.83333333333334,818.0,3,Stars
69867.0,147.93333333333334,925.0,3,Stars
63841.0,147.3,908.0,3,Stars
24480.0,149.6,102.0,0,Leaky bucket
51369.0,153.23333333333332,576.0,0,Leaky bucket
37760.0,155.06666666666666,317.0,1,Need attention
65640.0,136.83333333333334,461.0,1,Need attention
44319.0,135.26666666666668,37.0,0,Leaky bucket
30631.0,144.56666666666666,70.0,0,Leaky bucket
75278.0,150.03333333333333,930.0,1,Need attention
50898.0,150.73333333333332,859.0,1,Need attention
79946.0,134.43333333333334,1478.0,3,Stars
35416.0,145.53333333333333,390.0,1,Need attention
32414.0,144.83333333333334,52.0,0,Leaky bucket
38361.0,138.96666666666667,137.0,0,Leaky bucket
82497.0,153.03333333333333,1919.0,3,Stars
16626.0,138.33333333333334,68.0,0,Leaky bucket
29672.0,148.63333333333333,25.0,0,Leaky bucket
55951.0,155.33333333333334,1374.0,3,Stars
35388.0,148.8,32.0,0,Leaky bucket
42386.0,150.56666666666666,100.0,0,Leaky bucket
68627.0,150.6,825.0,3,Stars
57912.0,136.3,916.0,1,Need attention
35246.0,135.3,62.0,1,Need attention
58821.0,141.5,728.0,1,Need attention
46377.0,136.83333333333334,90.0,0,Leaky bucket
39747.0,135.4,273.0,0,Leaky bucket
23976.0,138.96666666666667,66.0,0,Leaky bucket
80950.0,148.1,1213.0,3,Stars
27038.0,154.46666666666667,107.0,0,Leaky bucket
77457.0,136.7,1157.0,1,Need attention
64100.0,142.56666666666666,546.0,1,Need attention
42670.0,147.1,241.0,0,Leaky bucket
12571.0,138.23333333333332,53.0,0,Leaky bucket
22574.0,140.96666666666667,37.0,0,Leaky bucket
70893.0,149.76666666666668,1508.0,3,Stars
54198.0,139.3,235.0,1,Need attention
28839.0,136.5,32.0,1,Need attention
40321.0,144.0,102.0,0,Leaky bucket
66503.0,155.63333333333333,401.0,0,Leaky bucket
30833.0,144.43333333333334,28.0,1,Need attention
64795.0,150.43333333333334,680.0,3,Stars
34421.0,144.93333333333334,30.0,0,Leaky bucket
47025.0,137.5,20.0,1,Need attention
64325.0,149.73333333333332,1307.0,3,Stars
40464.0,150.63333333333333,630.0,1,Need attention
62187.0,144.8,1283.0,3,Stars
14849.0,144.9,65.0,0,Leaky bucket
27255.0,140.63333333333333,37.0,0,Leaky bucket
54432.0,146.7,38.0,1,Need attention
29999.0,149.53333333333333,160.0,0,Leaky bucket
24072.0,147.46666666666667,23.0,0,Leaky bucket
33996.0,142.53333333333333,71.0,0,Leaky bucket
66334.0,147.9,1161.0,3,Stars
35178.0,150.66666666666666,59.0,0,Leaky bucket
22010.0,144.96666666666667,33.0,0,Leaky bucket
62204.0,154.66666666666666,946.0,3,Stars
75693.0,151.83333333333334,1442.0,3,Stars
30675.0,152.63333333333333,62.0,0,Leaky bucket
83003.0,148.93333333333334,1674.0,3,Stars
68655.0,155.76666666666668,1538.0,3,Stars
41411.0,139.63333333333333,139.0,0,Leaky bucket
55212.0,152.26666666666668,1182.0,3,Stars
59292.0,145.53333333333333,507.0,1,Need attention
27190.0,143.43333333333334,18.0,0,Leaky bucket
82623.0,140.53333333333333,940.0,1,Need attention
44300.0,145.2,42.0,0,Leaky bucket
84835.0,133.26666666666668,1190.0,3,Stars
30372.0,151.2,44.0,0,Leaky bucket
33181.0,138.73333333333332,16.0,0,Leaky bucket
71113.0,139.3,835.0,1,Need attention
71952.0,150.66666666666666,1443.0,3,Stars
69759.0,140.96666666666667,1029.0,3,Stars
72099.0,153.16666666666666,1188.0,3,Stars
60000.0,151.3,1277.0,3,Stars
38643.0,139.9,49.0,0,Leaky bucket
50737.0,146.63333333333333,99.0,1,Need attention
68462.0,151.63333333333333,1670.0,3,Stars
65073.0,143.26666666666668,900.0,1,Need attention
46681.0,141.63333333333333,425.0,1,Need attention
78618.0,154.13333333333333,2153.0,3,Stars
62187.0,136.13333333333333,636.0,1,Need attention
28442.0,137.0,57.0,0,Leaky bucket
37717.0,152.26666666666668,25.0,0,Leaky bucket
51479.0,151.1,494.0,1,Need attention
54803.0,155.4,693.0,3,Stars
79530.0,146.43333333333334,1348.0,3,Stars
31615.0,148.5,51.0,0,Leaky bucket
72025.0,152.46666666666667,1932.0,3,Stars
52614.0,152.0,990.0,3,Stars
35684.0,135.1,30.0,0,Leaky bucket
48178.0,153.13333333333333,254.0,0,Leaky bucket
29548.0,142.96666666666667,29.0,0,Leaky bucket
63810.0,152.66666666666666,1371.0,3,Stars
38578.0,145.23333333333332,73.0,0,Leaky bucket
46098.0,155.5,120.0,0,Leaky bucket
22585.0,148.43333333333334,81.0,0,Leaky bucket
30279.0,151.03333333333333,37.0,0,Leaky bucket
66426.0,141.83333333333334,1377.0,3,Stars
30822.0,145.5,51.0,0,Leaky bucket
33581.0,150.73333333333332,17.0,0,Leaky bucket
19986.0,140.4,22.0,0,Leaky bucket
27421.0,151.63333333333333,324.0,1,Need attention
35688.0,155.36666666666667,211.0,0,Leaky bucket
36143.0,135.86666666666667,19.0,0,Leaky bucket
10245.0,146.5,41.0,0,Leaky bucket
43795.0,141.36666666666667,492.0,1,Need attention
63381.0,153.9,1005.0,3,Stars
38823.0,155.1,114.0,1,Need attention
83664.0,146.73333333333332,1173.0,3,Stars
90300.0,138.73333333333332,1738.0,3,Stars
62499.0,139.56666666666666,222.0,0,Leaky bucket
74293.0,134.7,1127.0,3,Stars
51012.0,147.4,209.0,1,Need attention
70777.0,136.96666666666667,787.0,1,Need attention
68682.0,141.7,1598.0,3,Stars
43824.0,154.56666666666666,186.0,0,Leaky bucket
15345.0,155.06666666666666,47.0,0,Leaky bucket
23442.0,151.23333333333332,27.0,0,Leaky bucket
14515.0,152.73333333333332,96.0,0,Leaky bucket
31395.0,148.26666666666668,64.0,1,Need attention
75276.0,154.16666666666666,1040.0,3,Stars
42373.0,143.43333333333334,163.0,0,Leaky bucket
30507.0,148.66666666666666,343.0,1,Need attention
55521.0,141.16666666666666,446.0,1,Need attention
48006.0,133.5,41.0,1,Need attention
27213.0,155.1,70.0,0,Leaky bucket
65808.0,133.83333333333334,272.0,1,Need attention
30351.0,145.76666666666668,46.0,0,Leaky bucket
50437.0,153.5,490.0,1,Need attention
23616.0,152.46666666666667,79.0,0,Leaky bucket
53858.0,152.73333333333332,915.0,3,Stars
66465.0,148.03333333333333,1485.0,3,Stars
46923.0,155.36666666666667,369.0,0,Leaky bucket
75072.0,150.23333333333332,1073.0,3,Stars
75865.0,135.83333333333334,1242.0,1,Need attention
19789.0,140.2,78.0,0,Leaky bucket
80134.0,137.33333333333334,1378.0,3,Stars
91065.0,149.23333333333332,1474.0,3,Stars
49505.0,148.86666666666667,751.0,0,Leaky bucket
37401.0,134.63333333333333,48.0,0,Leaky bucket
30096.0,134.1,45.0,0,Leaky bucket
18492.0,133.63333333333333,10.0,0,Leaky bucket
82584.0,145.83333333333334,1435.0,3,Stars
93027.0,147.56666666666666,2119.0,3,Stars
48686.0,139.73333333333332,20.0,1,Need attention
92910.0,135.03333333333333,1795.0,3,Stars
75433.0,135.66666666666666,1188.0,3,Stars
10404.0,134.7,43.0,0,Leaky bucket
61314.0,147.16666666666666,1008.0,3,Stars
84865.0,146.7,1688.0,3,Stars
42387.0,153.1,684.0,0,Leaky bucket
67309.0,150.23333333333332,1082.0,3,Stars
75236.0,140.03333333333333,1068.0,3,Stars
30015.0,137.73333333333332,57.0,0,Leaky bucket
50943.0,145.26666666666668,46.0,1,Need attention
67272.0,139.16666666666666,733.0,1,Need attention
51529.0,142.66666666666666,467.0,1,Need attention
32011.0,143.2,122.0,0,Leaky bucket
7500.0,149.73333333333332,36.0,0,Leaky bucket
28691.0,144.83333333333334,34.0,0,Leaky bucket
56223.0,139.2,156.0,1,Need attention
18100.0,143.73333333333332,14.0,1,Need attention
30279.0,151.03333333333333,37.0,0,Leaky bucket
20130.0,136.3,34.0,0,Leaky bucket
23295.0,144.53333333333333,20.0,0,Leaky bucket
42618.0,141.6,192.0,0,Leaky bucket
81246.0,138.9,1379.0,3,Stars
24027.0,145.66666666666666,48.0,0,Leaky bucket
55707.0,139.13333333333333,428.0,1,Need attention
57959.0,146.93333333333334,868.0,1,Need attention
56796.0,149.43333333333334,1001.0,3,Stars
36230.0,141.33333333333334,59.0,0,Leaky bucket
70829.0,139.83333333333334,431.0,0,Leaky bucket
65991.0,154.83333333333334,971.0,3,Stars
38988.0,155.43333333333334,348.0,0,Leaky bucket
89572.0,154.56666666666666,2059.0,3,Stars
42207.0,147.96666666666667,265.0,0,Leaky bucket
50300.0,134.0,270.0,1,Need attention
66664.0,154.23333333333332,1289.0,3,Stars
60597.0,138.8,893.0,1,Need attention
70165.0,142.16666666666666,926.0,1,Need attention
50520.0,137.9,135.0,1,Need attention
80124.0,132.93333333333334,1495.0,3,Stars
33183.0,137.0,120.0,0,Leaky bucket
66582.0,136.76666666666668,1288.0,3,Stars
75261.0,147.23333333333332,1743.0,3,Stars
31880.0,153.03333333333333,15.0,0,Leaky bucket
53790.0,136.66666666666666,542.0,1,Need attention
49269.0,155.6,890.0,3,Stars
61456.0,148.13333333333333,1388.0,3,Stars
37406.0,141.56666666666666,17.0,0,Leaky bucket
56937.0,155.96666666666667,906.0,3,Stars
38415.0,150.93333333333334,44.0,0,Leaky bucket
20518.0,134.23333333333332,25.0,0,Leaky bucket
62503.0,149.36666666666667,973.0,1,Need attention
41644.0,134.53333333333333,31.0,0,Leaky bucket
55842.0,134.06666666666666,518.0,0,Leaky bucket
62010.0,153.3,530.0,3,Stars
41124.0,153.03333333333333,506.0,0,Leaky bucket
38961.0,138.86666666666667,70.0,0,Leaky bucket
37760.0,143.56666666666666,54.0,0,Leaky bucket
32233.0,155.46666666666667,296.0,0,Leaky bucket
43057.0,140.9,266.0,0,Leaky bucket
83151.0,153.73333333333332,747.0,3,Stars
78825.0,154.6,895.0,3,Stars
65104.0,140.4,1053.0,3,Stars
60093.0,145.1,735.0,3,Stars
14045.0,137.96666666666667,20.0,0,Leaky bucket
28457.0,153.13333333333333,205.0,1,Need attention
78952.0,154.26666666666668,2092.0,3,Stars
46310.0,151.93333333333334,309.0,0,Leaky bucket
76005.0,149.23333333333332,1722.0,3,Stars
58308.0,150.6,900.0,3,Stars
55614.0,139.96666666666667,682.0,1,Need attention
59432.0,147.56666666666666,663.0,1,Need attention
55563.0,135.66666666666666,43.0,0,Leaky bucket
78642.0,147.3,1816.0,3,Stars
67911.0,134.1,976.0,1,Need attention
65275.0,147.9,746.0,1,Need attention
27203.0,155.9,64.0,1,Need attention
48330.0,140.36666666666667,32.0,1,Need attention
24279.0,151.06666666666666,263.0,0,Leaky bucket
64355.0,155.3,1445.0,3,Stars
50943.0,145.26666666666668,46.0,1,Need attention
53653.0,152.8,1210.0,3,Stars
65665.0,139.8,945.0,3,Stars
81217.0,144.33333333333334,1157.0,3,Stars
34935.0,145.26666666666668,137.0,0,Leaky bucket
61250.0,151.5,730.0,1,Need attention
39665.0,146.16666666666666,216.0,0,Leaky bucket
60152.0,148.1,943.0,3,Stars
48920.0,141.23333333333332,347.0,1,Need attention
89120.0,136.3,1924.0,3,Stars
44124.0,146.63333333333333,397.0,1,Need attention
81169.0,147.53333333333333,2089.0,3,Stars
36443.0,149.86666666666667,138.0,1,Need attention
26095.0,144.96666666666667,42.0,0,Leaky bucket
71367.0,143.16666666666666,777.0,1,Need attention
80184.0,136.83333333333334,1902.0,3,Stars
30630.0,137.93333333333334,52.0,0,Leaky bucket
73454.0,136.83333333333334,1651.0,3,Stars
42691.0,143.4,358.0,0,Leaky bucket
70503.0,154.06666666666666,1727.0,3,Stars
25545.0,154.8,210.0,0,Leaky bucket
32880.0,151.9,42.0,0,Leaky bucket
77863.0,139.96666666666667,1291.0,3,Stars
50353.0,133.53333333333333,442.0,0,Leaky bucket
61839.0,155.7,1895.0,3,Stars
49154.0,140.76666666666668,411.0,1,Need attention
47682.0,149.46666666666667,521.0,0,Leaky bucket
72679.0,142.3,1168.0,3,Stars
57954.0,133.2,493.0,0,Leaky bucket
65316.0,147.2,260.0,1,Need attention
28567.0,145.4,46.0,0,Leaky bucket
47352.0,147.63333333333333,319.0,1,Need attention
44931.0,138.23333333333332,96.0,1,Need attention
76982.0,137.3,1062.0,3,Stars
57247.0,143.66666666666666,232.0,1,Need attention
22944.0,139.1,76.0,0,Leaky bucket
25315.0,140.63333333333333,54.0,0,Leaky bucket
43638.0,155.9,201.0,0,Leaky bucket
42710.0,152.1,406.0,0,Leaky bucket
84169.0,143.7,1919.0,3,Stars
54058.0,145.83333333333334,662.0,0,Leaky bucket
24683.0,136.6,41.0,0,Leaky bucket
85620.0,138.6,1600.0,3,Stars
47850.0,139.76666666666668,134.0,0,Leaky bucket
19514.0,137.96666666666667,69.0,0,Leaky bucket
27159.0,135.9,21.0,0,Leaky bucket
39548.0,135.83333333333334,54.0,1,Need attention
21474.0,135.56666666666666,91.0,0,Leaky bucket
60504.0,137.56666666666666,526.0,1,Need attention
22419.0,147.4,162.0,0,Leaky bucket
81698.0,140.66666666666666,1008.0,1,Need attention
43462.0,154.66666666666666,240.0,1,Need attention
54880.0,149.0,795.0,3,Stars
79908.0,147.83333333333334,1772.0,3,Stars
15315.0,143.83333333333334,64.0,0,Leaky bucket
87771.0,146.26666666666668,1957.0,3,Stars
33039.0,142.6,78.0,0,Leaky bucket
81741.0,145.43333333333334,1572.0,3,Stars
71499.0,145.13333333333333,795.0,3,Stars
62466.0,138.33333333333334,889.0,3,Stars
48799.0,140.7,331.0,1,Need attention
52157.0,133.56666666666666,265.0,1,Need attention
66565.0,151.86666666666667,1065.0,3,Stars
29298.0,142.66666666666666,11.0,1,Need attention
47691.0,144.8,21.0,0,Leaky bucket
38200.0,151.8,17.0,0,Leaky bucket
44989.0,154.66666666666666,369.0,0,Leaky bucket
38443.0,137.93333333333334,38.0,0,Leaky bucket
38593.0,142.46666666666667,177.0,0,Leaky bucket
64413.0,143.9,279.0,1,Need attention
36959.0,141.83333333333334,62.0,0,Leaky bucket
61996.0,149.96666666666667,1230.0,3,Stars
51287.0,135.8,182.0,1,Need attention
13260.0,143.16666666666666,49.0,0,Leaky bucket
47472.0,142.36666666666667,75.0,1,Need attention
54603.0,144.66666666666666,227.0,1,Need attention
45207.0,152.7,215.0,0,Leaky bucket
40689.0,148.43333333333334,444.0,1,Need attention
47821.0,141.23333333333332,47.0,1,Need attention
27450.0,147.5,143.0,1,Need attention
39453.0,135.73333333333332,55.0,0,Leaky bucket
26850.0,135.23333333333332,63.0,0,Leaky bucket
79800.0,154.3,1867.0,3,Stars
61794.0,142.43333333333334,611.0,1,Need attention
53863.0,134.26666666666668,473.0,1,Need attention
24221.0,143.26666666666668,55.0,1,Need attention
39684.0,153.66666666666666,81.0,0,Leaky bucket
92163.0,151.63333333333333,2086.0,3,Stars
69882.0,140.53333333333333,1478.0,3,Stars
33178.0,137.83333333333334,49.0,0,Leaky bucket
59973.0,142.53333333333333,382.0,1,Need attention
17459.0,142.26666666666668,69.0,0,Leaky bucket
23910.0,153.2,67.0,0,Leaky bucket
42169.0,141.26666666666668,30.0,0,Leaky bucket
26224.0,145.83333333333334,63.0,0,Leaky bucket
31089.0,155.53333333333333,79.0,0,Leaky bucket
30081.0,149.26666666666668,42.0,0,Leaky bucket
62807.0,155.06666666666666,819.0,3,Stars
72906.0,142.33333333333334,1151.0,3,Stars
61467.0,151.73333333333332,594.0,1,Need attention
49618.0,150.13333333333333,129.0,0,Leaky bucket
21888.0,151.06666666666666,213.0,0,Leaky bucket
42429.0,137.43333333333334,67.0,0,Leaky bucket
26150.0,148.66666666666666,28.0,1,Need attention
30801.0,153.2,45.0,0,Leaky bucket
81168.0,134.6,1193.0,3,Stars
26877.0,143.3,268.0,0,Leaky bucket
45006.0,144.36666666666667,266.0,1,Need attention
18978.0,151.66666666666666,37.0,0,Leaky bucket
22574.0,140.96666666666667,37.0,0,Leaky bucket
48240.0,152.73333333333332,882.0,3,Stars
45837.0,144.1,373.0,0,Leaky bucket
35791.0,146.8,35.0,0,Leaky bucket
162397.0,145.86666666666667,107.0,2,High potential
54162.0,148.43333333333334,42.0,0,Leaky bucket
30522.0,155.53333333333333,326.0,0,Leaky bucket
54456.0,144.6,404.0,1,Need attention
31632.0,144.5,95.0,0,Leaky bucket
72298.0,136.53333333333333,939.0,1,Need attention
36975.0,138.93333333333334,33.0,0,Leaky bucket
72635.0,145.86666666666667,981.0,1,Need attention
13624.0,150.33333333333334,36.0,0,Leaky bucket
84196.0,145.86666666666667,1237.0,3,Stars
70971.0,154.36666666666667,1825.0,3,Stars
34487.0,154.86666666666667,103.0,0,Leaky bucket
28769.0,151.43333333333334,191.0,0,Leaky bucket
69084.0,140.23333333333332,1586.0,3,Stars
65488.0,133.36666666666667,963.0,1,Need attention
62466.0,138.33333333333334,889.0,3,Stars
32218.0,137.3,93.0,1,Need attention
83917.0,147.4,1587.0,3,Stars
46102.0,136.53333333333333,16.0,1,Need attention
84574.0,145.83333333333334,1375.0,3,Stars
56181.0,150.73333333333332,393.0,1,Need attention
63120.0,154.13333333333333,1477.0,3,Stars
73691.0,140.66666666666666,1179.0,3,Stars
63381.0,153.9,1005.0,3,Stars
76140.0,134.4,1348.0,1,Need attention
62859.0,151.03333333333333,1307.0,3,Stars
45906.0,146.76666666666668,486.0,1,Need attention
77632.0,148.7,2252.0,3,Stars
46463.0,143.33333333333334,235.0,0,Leaky bucket
105471.0,150.3,1724.0,3,Stars
55282.0,139.43333333333334,235.0,1,Need attention
78710.0,134.06666666666666,1092.0,3,Stars
66886.0,142.36666666666667,599.0,1,Need attention
98777.0,137.23333333333332,2008.0,3,Stars
29103.0,155.2,48.0,0,Leaky bucket
67445.0,155.7,1174.0,3,Stars
50616.0,135.4,67.0,1,Need attention
49431.0,156.0,365.0,1,Need attention
153924.0,137.56666666666666,6.0,2,High potential
61278.0,138.7,165.0,1,Need attention
26490.0,154.33333333333334,210.0,0,Leaky bucket
73059.0,142.9,1095.0,1,Need attention
46734.0,141.2,223.0,1,Need attention
56253.0,151.8,597.0,1,Need attention
19986.0,140.4,22.0,0,Leaky bucket
58330.0,139.03333333333333,1064.0,3,Stars
25965.0,154.83333333333334,74.0,0,Leaky bucket
14661.0,150.96666666666667,26.0,0,Leaky bucket
18690.0,151.1,60.0,0,Leaky bucket
45068.0,146.46666666666667,20.0,0,Leaky bucket
21063.0,142.06666666666666,59.0,0,Leaky bucket
29187.0,146.7,34.0,0,Leaky bucket
54690.0,140.63333333333333,198.0,0,Leaky bucket
59304.0,144.0,1048.0,3,Stars
59247.0,140.6,574.0,1,Need attention
66731.0,154.66666666666666,1029.0,3,Stars
77353.0,139.33333333333334,670.0,3,Stars
52614.0,152.0,990.0,3,Stars
26751.0,134.1,11.0,0,Leaky bucket
81300.0,153.06666666666666,1241.0,3,Stars
70337.0,138.76666666666668,576.0,3,Stars
36145.0,145.43333333333334,172.0,0,Leaky bucket
65295.0,139.1,664.0,3,Stars
68118.0,141.3,928.0,1,Need attention
68743.0,155.1,2074.0,3,Stars
41039.0,144.13333333333333,467.0,0,Leaky bucket
38946.0,141.1,257.0,1,Need attention
65777.0,139.23333333333332,1146.0,3,Stars
66476.0,148.8,689.0,3,Stars
86857.0,154.66666666666666,2114.0,3,Stars
160803.0,155.96666666666667,1717.0,2,High potential
77845.0,134.3,1346.0,3,Stars
69476.0,141.9,1044.0,3,Stars
50611.0,153.93333333333334,493.0,1,Need attention
61209.0,143.1,957.0,3,Stars
42315.0,144.56666666666666,270.0,1,Need attention
13084.0,140.8,29.0,1,Need attention
47570.0,146.03333333333333,121.0,1,Need attention
61923.0,144.1,126.0,1,Need attention
34824.0,136.0,23.0,0,Leaky bucket
26518.0,147.73333333333332,57.0,1,Need attention
45938.0,140.76666666666668,636.0,1,Need attention
78468.0,135.53333333333333,1004.0,1,Need attention
78901.0,142.33333333333334,734.0,3,Stars
71427.0,136.46666666666667,614.0,3,Stars
71022.0,137.43333333333334,1453.0,3,Stars
90247.0,134.86666666666667,1621.0,3,Stars
41335.0,139.0,187.0,0,Leaky bucket
71952.0,150.66666666666666,1443.0,3,Stars
35682.0,132.9,57.0,0,Leaky bucket
43185.0,147.66666666666666,637.0,1,Need attention
66375.0,140.16666666666666,948.0,1,Need attention
35178.0,150.66666666666666,59.0,0,Leaky bucket
25252.0,144.56666666666666,18.0,0,Leaky bucket
55250.0,153.36666666666667,903.0,3,Stars
33249.0,149.3,112.0,0,Leaky bucket
58398.0,146.53333333333333,596.0,1,Need attention
50272.0,143.7,233.0,0,Leaky bucket
76618.0,151.8,1511.0,3,Stars
87305.0,154.3,1152.0,3,Stars
25851.0,149.6,48.0,0,Leaky bucket
58710.0,148.0,1185.0,3,Stars
45160.0,135.9,21.0,1,Need attention
74806.0,151.4,965.0,3,Stars
59111.0,146.93333333333334,869.0,1,Need attention
18988.0,134.06666666666666,16.0,0,Leaky bucket
72190.0,149.53333333333333,1947.0,3,Stars
7500.0,156.06666666666666,71.0,0,Leaky bucket
44794.0,133.53333333333333,65.0,1,Need attention
80395.0,140.1,1380.0,3,Stars
75012.0,138.0,1027.0,3,Stars
56962.0,141.53333333333333,411.0,1,Need attention
89891.0,147.5,836.0,3,Stars
35946.0,142.0,11.0,1,Need attention
53593.0,155.86666666666667,480.0,1,Need attention
66373.0,145.56666666666666,606.0,3,Stars
45072.0,141.36666666666667,284.0,1,Need attention
89694.0,141.6,1472.0,3,Stars
72025.0,134.86666666666667,1677.0,3,Stars
67432.0,148.06666666666666,1335.0,3,Stars
70545.0,133.7,334.0,1,Need attention
17487.0,148.43333333333334,18.0,0,Leaky bucket
62882.0,155.8,1338.0,3,Stars
64108.0,148.26666666666668,1099.0,1,Need attention
34941.0,148.83333333333334,97.0,1,Need attention
48767.0,138.8,63.0,1,Need attention
38702.0,143.9,109.0,0,Leaky bucket
82224.0,138.0,902.0,3,Stars
83844.0,146.6,1574.0,3,Stars
17003.0,139.56666666666666,38.0,0,Leaky bucket
71163.0,136.56666666666666,960.0,3,Stars
33697.0,142.4,28.0,0,Leaky bucket
63564.0,137.86666666666667,1215.0,1,Need attention
83443.0,138.83333333333334,1497.0,3,Stars
51518.0,141.8,449.0,1,Need attention
58330.0,139.03333333333333,1064.0,3,Stars
80952.0,149.03333333333333,1757.0,3,Stars
75507.0,134.76666666666668,1440.0,3,Stars
63855.0,149.66666666666666,1006.0,3,Stars
62220.0,155.73333333333332,1226.0,3,Stars
58512.0,142.26666666666668,1171.0,3,Stars
40662.0,148.53333333333333,92.0,0,Leaky bucket
38829.0,135.63333333333333,99.0,1,Need attention
35523.0,141.8,66.0,0,Leaky bucket
79146.0,135.03333333333333,564.0,1,Need attention
78285.0,140.96666666666667,1427.0,3,Stars
31626.0,146.66666666666666,86.0,0,Leaky bucket
75127.0,134.1,833.0,1,Need attention
48726.0,147.1,242.0,1,Need attention
74985.0,154.7,1869.0,3,Stars
67430.0,154.9,1364.0,3,Stars
46891.0,142.86666666666667,183.0,1,Need attention
62058.0,146.13333333333333,450.0,1,Need attention
72063.0,144.86666666666667,758.0,3,Stars
78939.0,139.46666666666667,1507.0,3,Stars
42720.0,147.2,654.0,1,Need attention
33622.0,147.56666666666666,81.0,0,Leaky bucket
6835.0,151.76666666666668,137.0,0,Leaky bucket
41452.0,148.83333333333334,16.0,1,Need attention
40760.0,142.93333333333334,93.0,0,Leaky bucket
74250.0,137.96666666666667,1158.0,3,Stars
51124.0,139.26666666666668,43.0,1,Need attention
72258.0,142.5,1525.0,3,Stars
71466.0,135.66666666666666,1230.0,3,Stars
36283.0,135.36666666666667,29.0,0,Leaky bucket
20587.0,134.46666666666667,25.0,0,Leaky bucket
30467.0,136.23333333333332,24.0,0,Leaky bucket
31590.0,145.36666666666667,38.0,0,Leaky bucket
20425.0,153.1,57.0,0,Leaky bucket
17144.0,137.3,47.0,0,Leaky bucket
42564.0,150.93333333333334,813.0,0,Leaky bucket
43783.0,133.86666666666667,629.0,0,Leaky bucket
40780.0,154.8,377.0,0,Leaky bucket
62847.0,150.5,1612.0,3,Stars
82017.0,152.8,729.0,3,Stars
16813.0,144.33333333333334,50.0,1,Need attention
51267.0,140.93333333333334,270.0,0,Leaky bucket
46524.0,147.83333333333334,177.0,1,Need attention
45183.0,150.33333333333334,315.0,1,Need attention
70421.0,132.86666666666667,767.0,1,Need attention
60161.0,153.3,1071.0,3,Stars
73926.0,148.96666666666667,1580.0,3,Stars
19329.0,139.4,60.0,0,Leaky bucket
61872.0,139.43333333333334,573.0,1,Need attention
46984.0,148.16666666666666,41.0,1,Need attention
34838.0,150.36666666666667,170.0,1,Need attention
82716.0,140.7,1167.0,1,Need attention
48192.0,147.8,1526.0,3,Stars
49681.0,140.73333333333332,458.0,0,Leaky bucket
56850.0,136.1,63.0,1,Need attention
55267.0,141.2,405.0,1,Need attention
59666.0,148.3,1027.0,3,Stars
72504.0,147.8,1478.0,3,Stars
26872.0,141.36666666666667,72.0,0,Leaky bucket
21359.0,147.33333333333334,48.0,0,Leaky bucket
73170.0,133.8,726.0,3,Stars
52750.0,149.83333333333334,860.0,1,Need attention
91820.0,140.1,1497.0,3,Stars
65968.0,134.43333333333334,495.0,1,Need attention
30772.0,136.46666666666667,20.0,0,Leaky bucket
22507.0,152.23333333333332,570.0,1,Need attention
65685.0,135.9,769.0,1,Need attention
25804.0,142.86666666666667,55.0,0,Leaky bucket
76412.0,146.83333333333334,1808.0,3,Stars
22063.0,143.66666666666666,55.0,0,Leaky bucket
57091.0,133.3,577.0,1,Need attention
22419.0,147.4,162.0,0,Leaky bucket
87771.0,146.26666666666668,1957.0,3,Stars
78353.0,147.46666666666667,1576.0,3,Stars
93404.0,146.76666666666668,1616.0,3,Stars
37859.0,150.6,36.0,0,Leaky bucket
80995.0,146.63333333333333,1482.0,3,Stars
16529.0,136.83333333333334,22.0,0,Leaky bucket
55412.0,140.13333333333333,63.0,0,Leaky bucket
48789.0,154.73333333333332,680.0,0,Leaky bucket
56575.0,146.83333333333334,542.0,1,Need attention
25130.0,141.83333333333334,50.0,0,Leaky bucket
35441.0,149.5,39.0,0,Leaky bucket
71391.0,148.06666666666666,1043.0,3,Stars
49494.0,147.16666666666666,385.0,0,Leaky bucket
81702.0,154.3,1633.0,3,Stars
45889.0,144.9,46.0,0,Leaky bucket
56628.0,136.16666666666666,761.0,0,Leaky bucket
34026.0,143.76666666666668,76.0,1,Need attention
40049.0,152.06666666666666,290.0,0,Leaky bucket
34176.0,134.43333333333334,89.0,0,Leaky bucket
19419.0,152.7,70.0,0,Leaky bucket
82504.0,144.06666666666666,1066.0,3,Stars
81205.0,138.4,2009.0,3,Stars
61618.0,154.1,1345.0,3,Stars
55284.0,151.23333333333332,764.0,1,Need attention
49980.0,141.13333333333333,195.0,1,Need attention
15072.0,146.66666666666666,53.0,0,Leaky bucket
49166.0,145.53333333333333,368.0,0,Leaky bucket
65324.0,138.46666666666667,544.0,1,Need attention
82347.0,152.83333333333334,1853.0,3,Stars
30843.0,133.96666666666667,35.0,0,Leaky bucket
46374.0,136.3,446.0,0,Leaky bucket
60474.0,147.96666666666667,1180.0,3,Stars
38576.0,136.73333333333332,41.0,0,Leaky bucket
55357.0,149.33333333333334,727.0,0,Leaky bucket
37758.0,153.93333333333334,40.0,0,Leaky bucket
85710.0,146.83333333333334,1062.0,3,Stars
23228.0,137.96666666666667,40.0,0,Leaky bucket
44602.0,137.3,292.0,0,Leaky bucket
7500.0,150.7,15.0,0,Leaky bucket
38683.0,153.93333333333334,341.0,0,Leaky bucket
49514.0,139.3,369.0,0,Leaky bucket
57906.0,145.6,401.0,0,Leaky bucket
43456.0,148.16666666666666,393.0,0,Leaky bucket
19485.0,142.1,10.0,0,Leaky bucket
53172.0,146.8,486.0,0,Leaky bucket
30545.0,153.5,69.0,0,Leaky bucket
70123.0,141.96666666666667,1727.0,3,Stars
62450.0,138.63333333333333,995.0,1,Need attention
21675.0,133.43333333333334,45.0,0,Leaky bucket
42395.0,135.7,182.0,0,Leaky bucket
61346.0,141.7,989.0,3,Stars
80812.0,142.33333333333334,1677.0,3,Stars
42835.0,144.96666666666667,595.0,0,Leaky bucket
39922.0,149.5,156.0,0,Leaky bucket
86424.0,135.66666666666666,1226.0,3,Stars
17117.0,150.43333333333334,128.0,0,Leaky bucket
24762.0,137.46666666666667,86.0,0,Leaky bucket
35797.0,153.53333333333333,68.0,0,Leaky bucket
36627.0,144.2,16.0,0,Leaky bucket
51111.0,133.16666666666666,55.0,0,Leaky bucket
86857.0,154.66666666666666,2114.0,3,Stars
82072.0,144.9,2018.0,3,Stars
46231.0,152.16666666666666,263.0,1,Need attention
42243.0,139.5,55.0,1,Need attention
51195.0,147.96666666666667,564.0,1,Need attention
68092.0,139.33333333333334,1281.0,3,Stars
31814.0,149.66666666666666,83.0,0,Leaky bucket
51390.0,154.8,353.0,1,Need attention
76630.0,138.36666666666667,1003.0,3,Stars
26868.0,134.83333333333334,14.0,0,Leaky bucket
48948.0,149.93333333333334,902.0,1,Need attention
55260.0,151.63333333333333,1139.0,3,Stars
64090.0,143.7,797.0,1,Need attention
78331.0,138.06666666666666,1638.0,3,Stars
37087.0,143.56666666666666,401.0,0,Leaky bucket
21846.0,141.16666666666666,84.0,0,Leaky bucket
81320.0,149.76666666666668,928.0,3,Stars
54137.0,143.4,203.0,0,Leaky bucket
66825.0,144.5,858.0,3,Stars
57100.0,139.73333333333332,409.0,0,Leaky bucket
58917.0,148.23333333333332,282.0,1,Need attention
85072.0,135.53333333333333,1423.0,3,Stars
86429.0,140.16666666666666,1449.0,3,Stars
45684.0,139.8,28.0,0,Leaky bucket
47889.0,138.7,67.0,0,Leaky bucket
45921.0,136.53333333333333,199.0,0,Leaky bucket
78420.0,145.0,1453.0,3,Stars
75114.0,140.63333333333333,1253.0,3,Stars
52278.0,150.16666666666666,1198.0,3,Stars
35641.0,144.5,178.0,0,Leaky bucket
95529.0,151.93333333333334,1990.0,3,Stars
62820.0,146.63333333333333,976.0,1,Need attention
73113.0,139.0,1001.0,1,Need attention
84169.0,143.7,1919.0,3,Stars
42607.0,140.3,350.0,1,Need attention
74637.0,146.4,1650.0,3,Stars
46015.0,135.4,46.0,1,Need attention
72354.0,147.43333333333334,1228.0,3,Stars
39858.0,150.2,95.0,0,Leaky bucket
34469.0,134.7,62.0,1,Need attention
83033.0,134.23333333333332,1761.0,3,Stars
24401.0,155.06666666666666,467.0,0,Leaky bucket
77583.0,137.46666666666667,1149.0,3,Stars
74116.0,138.86666666666667,2052.0,3,Stars
74293.0,134.7,1127.0,3,Stars
68397.0,140.3,1416.0,3,Stars
79632.0,135.56666666666666,1113.0,3,Stars
46107.0,137.46666666666667,125.0,0,Leaky bucket
64950.0,155.7,966.0,1,Need attention
25443.0,151.3,32.0,0,Leaky bucket
75127.0,134.1,833.0,1,Need attention
32892.0,134.0,46.0,0,Leaky bucket
71796.0,141.1,960.0,3,Stars
67536.0,146.26666666666668,1829.0,3,Stars
55239.0,144.5,779.0,3,Stars
60554.0,143.63333333333333,811.0,3,Stars
64831.0,145.63333333333333,1120.0,1,Need attention
56067.0,144.3,725.0,1,Need attention
82025.0,146.06666666666666,1187.0,3,Stars
94384.0,148.9,2302.0,3,Stars
14906.0,151.3,66.0,0,Leaky bucket
51563.0,154.03333333333333,1250.0,3,Stars
57937.0,137.26666666666668,683.0,0,Leaky bucket
68274.0,141.9,305.0,0,Leaky bucket
39771.0,139.66666666666666,50.0,0,Leaky bucket
67893.0,154.03333333333333,995.0,3,Stars
27922.0,134.5,41.0,0,Leaky bucket
52190.0,134.56666666666666,77.0,0,Leaky bucket
44051.0,150.03333333333333,171.0,0,Leaky bucket
42767.0,146.63333333333333,131.0,0,Leaky bucket
46106.0,134.46666666666667,54.0,0,Leaky bucket
16927.0,149.63333333333333,53.0,0,Leaky bucket
59754.0,152.0,475.0,1,Need attention
53700.0,155.53333333333333,694.0,1,Need attention
59041.0,134.6,96.0,0,Leaky bucket
54237.0,147.1,361.0,1,Need attention
70647.0,154.36666666666667,1079.0,3,Stars
52597.0,134.6,578.0,1,Need attention
41021.0,151.03333333333333,64.0,0,Leaky bucket
40233.0,141.43333333333334,149.0,0,Leaky bucket
50183.0,132.96666666666667,231.0,0,Leaky bucket
54753.0,142.5,728.0,1,Need attention
92955.0,143.3,1778.0,3,Stars
33471.0,153.66666666666666,93.0,0,Leaky bucket
34596.0,147.56666666666666,23.0,0,Leaky bucket
44010.0,153.63333333333333,662.0,0,Leaky bucket
84219.0,137.73333333333332,1198.0,3,Stars
40706.0,150.43333333333334,81.0,0,Leaky bucket
15716.0,152.63333333333333,92.0,0,Leaky bucket
59052.0,140.3,491.0,1,Need attention
80573.0,153.6,1564.0,3,Stars
83715.0,137.7,926.0,3,Stars
82576.0,156.06666666666666,1910.0,3,Stars
56962.0,141.53333333333333,411.0,1,Need attention
35704.0,138.73333333333332,94.0,1,Need attention
53103.0,142.5,1085.0,1,Need attention
46779.0,144.56666666666666,23.0,1,Need attention
4861.0,133.06666666666666,6.0,0,Leaky bucket
33462.0,143.7,54.0,0,Leaky bucket
63693.0,141.43333333333334,1150.0,3,Stars
80763.0,143.43333333333334,1415.0,3,Stars
65352.0,143.23333333333332,405.0,0,Leaky bucket
82170.0,140.03333333333333,1908.0,3,Stars
75759.0,141.06666666666666,2486.0,3,Stars
79689.0,146.6,1315.0,3,Stars
35340.0,132.83333333333334,45.0,1,Need attention
85683.0,136.16666666666666,1789.0,3,Stars
24884.0,152.06666666666666,19.0,0,Leaky bucket
42021.0,155.06666666666666,573.0,0,Leaky bucket
64449.0,137.2,805.0,3,Stars
64587.0,133.06666666666666,108.0,1,Need attention
34824.0,136.0,23.0,0,Leaky bucket
75437.0,140.56666666666666,1493.0,3,Stars
26091.0,136.96666666666667,89.0,1,Need attention
52845.0,143.5,936.0,3,Stars
46086.0,140.76666666666668,343.0,1,Need attention
78028.0,154.73333333333332,528.0,1,Need attention
95169.0,141.6,1901.0,3,Stars
56337.0,148.13333333333333,724.0,0,Leaky bucket
22434.0,149.53333333333333,58.0,0,Leaky bucket
36930.0,146.43333333333334,297.0,1,Need attention
36130.0,149.9,488.0,1,Need attention
65569.0,152.86666666666667,859.0,1,Need attention
83844.0,146.6,1574.0,3,Stars
19514.0,137.96666666666667,69.0,0,Leaky bucket
36736.0,146.66666666666666,17.0,0,Leaky bucket
77568.0,155.26666666666668,2194.0,3,Stars
49187.0,138.46666666666667,116.0,0,Leaky bucket
30168.0,148.8,279.0,0,Leaky bucket
34053.0,154.73333333333332,103.0,0,Leaky bucket
38196.0,135.23333333333332,44.0,0,Leaky bucket
59412.0,135.2,406.0,1,Need attention
70924.0,135.6,1363.0,3,Stars
54165.0,146.06666666666666,236.0,0,Leaky bucket
32300.0,150.9,39.0,0,Leaky bucket
20180.0,149.3,137.0,0,Leaky bucket
34961.0,133.16666666666666,79.0,0,Leaky bucket
28440.0,144.73333333333332,63.0,0,Leaky bucket
64504.0,148.9,1314.0,3,Stars
33564.0,133.0,71.0,0,Leaky bucket
17345.0,152.93333333333334,58.0,0,Leaky bucket
56320.0,147.73333333333332,702.0,1,Need attention
28647.0,143.23333333333332,94.0,0,Leaky bucket
15038.0,150.03333333333333,80.0,0,Leaky bucket
32173.0,143.9,22.0,1,Need attention
68316.0,152.9,1211.0,3,Stars
74538.0,145.0,1461.0,3,Stars
91700.0,150.43333333333334,1968.0,3,Stars
68695.0,132.96666666666667,1091.0,3,Stars
31056.0,150.26666666666668,55.0,0,Leaky bucket
79593.0,134.43333333333334,1366.0,3,Stars
28071.0,155.13333333333333,313.0,0,Leaky bucket
37334.0,136.93333333333334,62.0,1,Need attention
46423.0,142.3,92.0,0,Leaky bucket
37126.0,135.86666666666667,72.0,0,Leaky bucket
47703.0,146.03333333333333,655.0,1,Need attention
61180.0,135.06666666666666,704.0,1,Need attention
38998.0,152.93333333333334,54.0,1,Need attention
8028.0,154.46666666666667,178.0,0,Leaky bucket
76081.0,134.06666666666666,1033.0,1,Need attention
34728.0,143.96666666666667,36.0,0,Leaky bucket
33168.0,153.63333333333333,122.0,0,Leaky bucket
33585.0,142.06666666666666,122.0,0,Leaky bucket
77037.0,141.46666666666667,1123.0,3,Stars
35196.0,152.6,497.0,0,Leaky bucket
44529.0,144.8,691.0,1,Need attention
70924.0,135.6,1363.0,3,Stars
28764.0,133.63333333333333,12.0,0,Leaky bucket
69098.0,149.43333333333334,2440.0,3,Stars
25959.0,149.5,56.0,0,Leaky bucket
27100.0,147.83333333333334,37.0,0,Leaky bucket
70596.0,153.9,968.0,3,Stars
42557.0,155.13333333333333,270.0,0,Leaky bucket
53312.0,143.63333333333333,278.0,1,Need attention
72228.0,152.13333333333333,1250.0,3,Stars
67605.0,148.0,938.0,3,Stars
62845.0,154.03333333333333,1178.0,3,Stars
65196.0,144.13333333333333,1155.0,3,Stars
42000.0,150.66666666666666,653.0,0,Leaky bucket
35860.0,134.2,49.0,0,Leaky bucket
65526.0,135.46666666666667,506.0,1,Need attention
16860.0,154.66666666666666,38.0,0,Leaky bucket
83528.0,134.8,1650.0,3,Stars
64176.0,156.0,1826.0,3,Stars
22304.0,155.96666666666667,18.0,0,Leaky bucket
67023.0,136.73333333333332,906.0,3,Stars
32892.0,134.0,46.0,0,Leaky bucket
70713.0,151.93333333333334,1477.0,3,Stars
59925.0,152.03333333333333,766.0,1,Need attention
39722.0,137.0,47.0,1,Need attention
46610.0,144.36666666666667,467.0,1,Need attention
88347.0,144.86666666666667,2116.0,3,Stars
87171.0,146.96666666666667,1298.0,3,Stars
26907.0,143.26666666666668,22.0,0,Leaky bucket
50014.0,138.1,396.0,1,Need attention
41014.0,147.26666666666668,20.0,0,Leaky bucket
66294.0,136.3,967.0,1,Need attention
36715.0,152.46666666666667,357.0,0,Leaky bucket
79456.0,155.36666666666667,1401.0,3,Stars
40479.0,143.36666666666667,15.0,0,Leaky bucket
75345.0,149.9,2087.0,3,Stars
54233.0,149.83333333333334,981.0,3,Stars
24163.0,141.5,17.0,0,Leaky bucket
84460.0,150.86666666666667,523.0,3,Stars
43776.0,134.73333333333332,23.0,0,Leaky bucket
71691.0,136.3,1192.0,1,Need attention
85844.0,133.86666666666667,1958.0,3,Stars
39190.0,134.96666666666667,133.0,0,Leaky bucket
71367.0,143.16666666666666,777.0,1,Need attention
38578.0,145.23333333333332,73.0,0,Leaky bucket
57236.0,136.46666666666667,121.0,1,Need attention
61825.0,143.7,424.0,0,Leaky bucket
79803.0,133.73333333333332,868.0,1,Need attention
80910.0,153.03333333333333,756.0,3,Stars
27590.0,147.23333333333332,12.0,0,Leaky bucket
56775.0,150.93333333333334,937.0,3,Stars
83829.0,141.63333333333333,1862.0,3,Stars
54210.0,146.33333333333334,367.0,0,Leaky bucket
38508.0,143.86666666666667,443.0,0,Leaky bucket
53187.0,141.03333333333333,267.0,1,Need attention
30023.0,136.06666666666666,61.0,0,Leaky bucket
76045.0,140.36666666666667,1323.0,3,Stars
50870.0,133.16666666666666,63.0,1,Need attention
15315.0,143.83333333333334,64.0,0,Leaky bucket
65463.0,137.83333333333334,562.0,1,Need attention
66480.0,133.8,312.0,1,Need attention
76773.0,149.13333333333333,1156.0,3,Stars
81698.0,149.0,1104.0,3,Stars
54466.0,137.5,16.0,0,Leaky bucket
98777.0,137.23333333333332,2008.0,3,Stars
16269.0,142.93333333333334,44.0,0,Leaky bucket
71819.0,143.0,1574.0,3,Stars
33569.0,141.36666666666667,63.0,0,Leaky bucket
36262.0,142.23333333333332,426.0,0,Leaky bucket
22634.0,150.46666666666667,96.0,0,Leaky bucket
47025.0,142.5,635.0,0,Leaky bucket
70566.0,141.7,757.0,3,Stars
31605.0,152.3,125.0,0,Leaky bucket
52034.0,146.43333333333334,332.0,0,Leaky bucket
48526.0,139.06666666666666,135.0,0,Leaky bucket
46734.0,152.43333333333334,330.0,1,Need attention
39552.0,151.43333333333334,384.0,1,Need attention
86358.0,155.83333333333334,1722.0,3,Stars
46931.0,135.03333333333333,78.0,0,Leaky bucket
16581.0,150.6,24.0,0,Leaky bucket
63998.0,139.2,1168.0,1,Need attention
67381.0,150.5,957.0,1,Need attention
25930.0,141.56666666666666,15.0,0,Leaky bucket
42693.0,133.56666666666666,57.0,0,Leaky bucket
85606.0,152.63333333333333,1956.0,3,Stars
72903.0,140.93333333333334,2013.0,3,Stars
49669.0,134.03333333333333,326.0,0,Leaky bucket
36778.0,155.93333333333334,77.0,0,Leaky bucket
85696.0,146.9,1313.0,3,Stars
10979.0,134.1,30.0,0,Leaky bucket
49678.0,149.9,315.0,1,Need attention
56129.0,145.3,660.0,1,Need attention
37155.0,149.96666666666667,74.0,0,Leaky bucket
21282.0,134.46666666666667,46.0,0,Leaky bucket
33419.0,143.36666666666667,86.0,1,Need attention
63285.0,140.7,1103.0,1,Need attention
21255.0,138.13333333333333,61.0,0,Leaky bucket
42162.0,140.23333333333332,145.0,0,Leaky bucket
54450.0,154.6,684.0,1,Need attention
57744.0,140.46666666666667,411.0,1,Need attention
26576.0,153.63333333333333,27.0,0,Leaky bucket
57513.0,144.76666666666668,1060.0,1,Need attention
68142.0,155.13333333333333,1459.0,3,Stars
7500.0,155.13333333333333,18.0,0,Leaky bucket
83145.0,154.33333333333334,1833.0,3,Stars
54197.0,135.73333333333332,237.0,1,Need attention
23091.0,133.9,48.0,0,Leaky bucket
46049.0,144.26666666666668,515.0,0,Leaky bucket
56715.0,151.86666666666667,1020.0,3,Stars
79410.0,133.86666666666667,1370.0,3,Stars
57304.0,148.66666666666666,1026.0,1,Need attention
44375.0,136.1,301.0,1,Need attention
54450.0,154.6,684.0,1,Need attention
59594.0,153.4,499.0,1,Need attention
80685.0,155.36666666666667,1004.0,3,Stars
40344.0,141.46666666666667,218.0,0,Leaky bucket
62710.0,146.23333333333332,606.0,3,Stars
48985.0,144.8,75.0,0,Leaky bucket
35322.0,155.36666666666667,106.0,0,Leaky bucket
77142.0,146.03333333333333,990.0,1,Need attention
81657.0,138.1,1097.0,3,Stars
14421.0,137.23333333333332,16.0,0,Leaky bucket
20130.0,136.3,34.0,0,Leaky bucket
74214.0,155.23333333333332,1711.0,3,Stars
66726.0,138.43333333333334,438.0,1,Need attention
23724.0,150.73333333333332,75.0,0,Leaky bucket
47353.0,140.43333333333334,225.0,1,Need attention
33444.0,152.93333333333334,18.0,1,Need attention
54386.0,146.43333333333334,470.0,0,Leaky bucket
28510.0,147.56666666666666,91.0,0,Leaky bucket
90638.0,137.36666666666667,2525.0,3,Stars
48070.0,150.56666666666666,504.0,1,Need attention
43140.0,150.83333333333334,235.0,1,Need attention
54959.0,150.36666666666667,1232.0,3,Stars
15056.0,146.9,88.0,0,Leaky bucket
26954.0,134.56666666666666,17.0,0,Leaky bucket
22327.0,143.86666666666667,24.0,0,Leaky bucket
44393.0,143.2,60.0,1,Need attention
62000.0,143.1,1020.0,1,Need attention
31497.0,151.83333333333334,155.0,0,Leaky bucket
45894.0,136.9,51.0,0,Leaky bucket
78579.0,151.3,1812.0,3,Stars
67369.0,152.46666666666667,1461.0,3,Stars
58401.0,135.16666666666666,96.0,1,Need attention
62307.0,137.23333333333332,160.0,1,Need attention
43641.0,147.26666666666668,139.0,0,Leaky bucket
63841.0,147.3,908.0,3,Stars
46891.0,142.86666666666667,183.0,1,Need attention
70091.0,148.0,1161.0,3,Stars
78075.0,135.66666666666666,988.0,3,Stars
59184.0,154.76666666666668,1072.0,3,Stars
54809.0,142.53333333333333,174.0,0,Leaky bucket
58113.0,150.16666666666666,758.0,1,Need attention
51412.0,138.83333333333334,195.0,1,Need attention
15287.0,153.73333333333332,31.0,0,Leaky bucket
66636.0,143.36666666666667,1084.0,1,Need attention
50965.0,149.3,685.0,1,Need attention
84618.0,140.13333333333333,1672.0,3,Stars
18351.0,140.93333333333334,43.0,0,Leaky bucket
40451.0,137.26666666666668,49.0,1,Need attention
36317.0,146.26666666666668,133.0,0,Leaky bucket
42213.0,141.5,363.0,1,Need attention
65748.0,147.5,545.0,1,Need attention
77044.0,141.0,1065.0,3,Stars
74918.0,148.63333333333333,2047.0,3,Stars
56721.0,153.03333333333333,296.0,0,Leaky bucket
42160.0,145.03333333333333,140.0,0,Leaky bucket
61559.0,144.4,530.0,1,Need attention
33629.0,155.83333333333334,152.0,0,Leaky bucket
68682.0,141.7,1598.0,3,Stars
34377.0,150.36666666666667,114.0,0,Leaky bucket
8940.0,155.36666666666667,101.0,0,Leaky bucket
26228.0,142.16666666666666,25.0,0,Leaky bucket
77297.0,150.13333333333333,789.0,3,Stars
40211.0,143.96666666666667,87.0,0,Leaky bucket
33438.0,142.16666666666666,90.0,1,Need attention
75032.0,147.06666666666666,1215.0,3,Stars
61284.0,141.5,811.0,1,Need attention
22518.0,153.33333333333334,61.0,0,Leaky bucket
54730.0,143.43333333333334,405.0,0,Leaky bucket
38452.0,135.86666666666667,72.0,1,Need attention
44421.0,149.46666666666667,189.0,0,Leaky bucket
38197.0,145.0,40.0,0,Leaky bucket
41986.0,137.5,63.0,0,Leaky bucket
28427.0,148.33333333333334,52.0,0,Leaky bucket
37395.0,134.76666666666668,39.0,0,Leaky bucket
64722.0,133.96666666666667,805.0,1,Need attention
55249.0,135.26666666666668,130.0,1,Need attention
84906.0,141.76666666666668,1631.0,3,Stars
28691.0,144.83333333333334,34.0,0,Leaky bucket
44213.0,139.9,152.0,1,Need attention
25707.0,138.23333333333332,21.0,0,Leaky bucket
59062.0,141.8,71.0,1,Need attention
76624.0,134.03333333333333,899.0,1,Need attention
66000.0,135.16666666666666,711.0,1,Need attention
27683.0,155.96666666666667,351.0,0,Leaky bucket
1730.0,134.23333333333332,8.0,0,Leaky bucket
7500.0,151.93333333333334,119.0,0,Leaky bucket
40521.0,147.83333333333334,21.0,0,Leaky bucket
20427.0,136.06666666666666,10.0,0,Leaky bucket
65106.0,134.03333333333333,973.0,3,Stars
69969.0,143.03333333333333,1536.0,3,Stars
67433.0,144.43333333333334,992.0,1,Need attention
77766.0,149.23333333333332,1529.0,3,Stars
74716.0,142.5,860.0,3,Stars
68118.0,141.3,928.0,1,Need attention
55158.0,156.13333333333333,418.0,0,Leaky bucket
62972.0,156.0,587.0,1,Need attention
74190.0,134.43333333333334,641.0,3,Stars
39356.0,136.23333333333332,23.0,0,Leaky bucket
76653.0,143.4,2279.0,3,Stars
35860.0,134.2,49.0,0,Leaky bucket
90687.0,146.26666666666668,1779.0,3,Stars
73450.0,139.7,1804.0,3,Stars
31454.0,144.76666666666668,48.0,1,Need attention
47139.0,136.66666666666666,83.0,1,Need attention
83829.0,141.63333333333333,1862.0,3,Stars
53378.0,154.26666666666668,793.0,3,Stars
19656.0,149.7,84.0,0,Leaky bucket
45579.0,143.26666666666668,183.0,1,Need attention
85485.0,133.1,1383.0,3,Stars
55956.0,135.6,999.0,1,Need attention
64191.0,150.26666666666668,825.0,3,Stars
38808.0,155.23333333333332,246.0,0,Leaky bucket
57183.0,148.4,610.0,1,Need attention
23748.0,152.33333333333334,76.0,0,Leaky bucket
66303.0,149.1,1286.0,3,Stars
37368.0,139.33333333333334,30.0,0,Leaky bucket
40800.0,150.96666666666667,99.0,0,Leaky bucket
71847.0,154.36666666666667,1192.0,3,Stars
46149.0,139.9,362.0,0,Leaky bucket
78687.0,155.8,2130.0,3,Stars
49118.0,155.5,1229.0,3,Stars
37633.0,154.4,38.0,1,Need attention
39767.0,144.26666666666668,485.0,1,Need attention
26997.0,152.86666666666667,434.0,1,Need attention
33986.0,148.56666666666666,44.0,0,Leaky bucket
57091.0,152.26666666666668,496.0,0,Leaky bucket
46831.0,145.7,78.0,0,Leaky bucket
83151.0,149.63333333333333,2346.0,3,Stars
52531.0,151.03333333333333,794.0,3,Stars
15759.0,142.73333333333332,17.0,1,Need attention
22804.0,143.93333333333334,26.0,0,Leaky bucket
43050.0,136.26666666666668,76.0,0,Leaky bucket
42997.0,139.63333333333333,15.0,0,Leaky bucket
48918.0,135.43333333333334,62.0,1,Need attention
60033.0,135.9,198.0,1,Need attention
34043.0,141.06666666666666,49.0,0,Leaky bucket
57811.0,145.16666666666666,802.0,1,Need attention
78569.0,137.16666666666666,1736.0,3,Stars
7500.0,151.13333333333333,57.0,0,Leaky bucket
157733.0,145.83333333333334,59.0,2,High potential
94384.0,148.9,2302.0,3,Stars
23148.0,137.2,37.0,0,Leaky bucket
44267.0,149.13333333333333,310.0,0,Leaky bucket
71626.0,153.0,1305.0,3,Stars
60894.0,145.03333333333333,832.0,3,Stars
50200.0,147.9,401.0,0,Leaky bucket
81051.0,134.06666666666666,1501.0,3,Stars
65169.0,138.36666666666667,1189.0,3,Stars
59868.0,144.23333333333332,1194.0,3,Stars
65695.0,137.8,656.0,1,Need attention
64857.0,152.26666666666668,1540.0,3,Stars
45143.0,143.06666666666666,311.0,1,Need attention
74805.0,140.66666666666666,820.0,1,Need attention
59060.0,138.46666666666667,274.0,0,Leaky bucket
27238.0,147.33333333333334,57.0,0,Leaky bucket
47009.0,141.86666666666667,448.0,1,Need attention
46094.0,133.46666666666667,44.0,0,Leaky bucket
40321.0,144.0,102.0,0,Leaky bucket
37235.0,137.76666666666668,61.0,0,Leaky bucket
81843.0,147.26666666666668,1643.0,3,Stars
46692.0,145.76666666666668,397.0,1,Need attention
77382.0,138.6,1121.0,3,Stars
37774.0,154.96666666666667,473.0,0,Leaky bucket
18393.0,135.9,50.0,0,Leaky bucket
72828.0,149.5,1678.0,3,Stars
24711.0,135.23333333333332,58.0,0,Leaky bucket
45503.0,142.06666666666666,170.0,0,Leaky bucket
6560.0,139.46666666666667,373.0,0,Leaky bucket
71604.0,140.3,1196.0,1,Need attention
27244.0,136.63333333333333,101.0,0,Leaky bucket
48752.0,151.63333333333333,316.0,0,Leaky bucket
71434.0,142.3,1400.0,3,Stars
90842.0,144.0,1424.0,3,Stars
88097.0,155.5,844.0,3,Stars
51948.0,142.33333333333334,311.0,0,Leaky bucket
71853.0,146.73333333333332,1149.0,3,Stars
35876.0,135.16666666666666,129.0,0,Leaky bucket
40049.0,141.36666666666667,32.0,1,Need attention
39660.0,155.83333333333334,299.0,0,Leaky bucket
50127.0,133.86666666666667,320.0,1,Need attention
43263.0,152.33333333333334,441.0,0,Leaky bucket
62845.0,154.03333333333333,1178.0,3,Stars
18929.0,149.43333333333334,85.0,0,Leaky bucket
24367.0,148.36666666666667,24.0,0,Leaky bucket
33249.0,149.3,112.0,0,Leaky bucket
26887.0,149.63333333333333,30.0,0,Leaky bucket
50150.0,145.3,410.0,0,Leaky bucket
62061.0,142.9,800.0,3,Stars
85696.0,146.9,1313.0,3,Stars
76542.0,148.03333333333333,1483.0,3,Stars
70515.0,141.2,1258.0,3,Stars
18227.0,152.76666666666668,28.0,0,Leaky bucket
69139.0,137.93333333333334,227.0,1,Need attention
69109.0,152.73333333333332,1555.0,3,Stars
69627.0,148.46666666666667,861.0,3,Stars
38136.0,147.26666666666668,103.0,0,Leaky bucket
62159.0,134.9,634.0,1,Need attention
80695.0,138.9,1918.0,3,Stars
33316.0,141.76666666666668,131.0,0,Leaky bucket
58554.0,154.2,586.0,3,Stars
17256.0,140.1,62.0,0,Leaky bucket
53034.0,146.0,447.0,0,Leaky bucket
52203.0,156.1,939.0,1,Need attention
59601.0,144.13333333333333,797.0,3,Stars
75154.0,154.93333333333334,1143.0,3,Stars
47025.0,140.63333333333333,415.0,0,Leaky bucket
37971.0,140.03333333333333,30.0,0,Leaky bucket
41335.0,139.0,187.0,0,Leaky bucket
67267.0,134.4,251.0,1,Need attention
57338.0,134.86666666666667,237.0,0,Leaky bucket
50523.0,139.03333333333333,91.0,1,Need attention
35791.0,146.8,35.0,0,Leaky bucket
50611.0,153.93333333333334,493.0,1,Need attention
56242.0,148.93333333333334,971.0,3,Stars
48904.0,151.96666666666667,371.0,1,Need attention
56243.0,138.86666666666667,396.0,0,Leaky bucket
21355.0,143.26666666666668,68.0,0,Leaky bucket
57420.0,145.13333333333333,322.0,0,Leaky bucket
46390.0,134.66666666666666,222.0,1,Need attention
54342.0,144.86666666666667,177.0,1,Need attention
20895.0,153.86666666666667,45.0,0,Leaky bucket
92344.0,138.33333333333334,1899.0,3,Stars
26907.0,143.26666666666668,22.0,0,Leaky bucket
44964.0,151.5,41.0,0,Leaky bucket
75507.0,134.76666666666668,1440.0,3,Stars
53761.0,141.53333333333333,325.0,0,Leaky bucket
22682.0,141.8,95.0,0,Leaky bucket
38887.0,136.8,42.0,0,Leaky bucket
41658.0,152.73333333333332,72.0,0,Leaky bucket
29791.0,134.33333333333334,20.0,0,Leaky bucket
63915.0,143.96666666666667,789.0,1,Need attention
39996.0,134.1,15.0,0,Leaky bucket
26759.0,137.56666666666666,59.0,0,Leaky bucket
63841.0,147.3,908.0,3,Stars
51039.0,151.7,417.0,0,Leaky bucket
60544.0,155.26666666666668,289.0,1,Need attention
65685.0,135.9,769.0,1,Need attention
37716.0,135.13333333333333,188.0,1,Need attention
36864.0,155.66666666666666,354.0,1,Need attention
44511.0,153.66666666666666,727.0,0,Leaky bucket
36947.0,155.86666666666667,146.0,0,Leaky bucket
47352.0,147.63333333333333,319.0,1,Need attention
67087.0,139.3,794.0,1,Need attention
57045.0,154.8,454.0,1,Need attention
36957.0,154.86666666666667,152.0,1,Need attention
69389.0,154.13333333333333,797.0,3,Stars
80134.0,146.33333333333334,1690.0,3,Stars
43142.0,137.2,20.0,0,Leaky bucket
80589.0,138.1,1428.0,1,Need attention
34412.0,149.53333333333333,209.0,0,Leaky bucket
57537.0,145.63333333333333,545.0,0,Leaky bucket
22634.0,150.46666666666667,96.0,0,Leaky bucket
51315.0,137.03333333333333,222.0,1,Need attention
36026.0,136.33333333333334,61.0,0,Leaky bucket
24639.0,137.9,44.0,0,Leaky bucket
34578.0,135.46666666666667,8.0,0,Leaky bucket
65704.0,141.46666666666667,817.0,3,Stars
63810.0,152.66666666666666,1371.0,3,Stars
54132.0,137.26666666666668,42.0,1,Need attention
18690.0,151.1,60.0,0,Leaky bucket
28164.0,146.86666666666667,78.0,0,Leaky bucket
34596.0,147.56666666666666,23.0,0,Leaky bucket
43269.0,142.36666666666667,19.0,0,Leaky bucket
38741.0,135.86666666666667,61.0,1,Need attention
31907.0,148.9,449.0,0,Leaky bucket
27100.0,147.83333333333334,37.0,0,Leaky bucket
31163.0,137.36666666666667,38.0,0,Leaky bucket
92533.0,139.23333333333332,1131.0,3,Stars
34853.0,139.1,34.0,0,Leaky bucket
70844.0,140.9,294.0,1,Need attention
31086.0,146.86666666666667,48.0,0,Leaky bucket
60544.0,155.26666666666668,289.0,1,Need attention
20491.0,150.16666666666666,30.0,0,Leaky bucket
42523.0,135.06666666666666,125.0,1,Need attention
39922.0,149.5,156.0,0,Leaky bucket
33402.0,144.36666666666667,70.0,1,Need attention
36408.0,142.2,22.0,1,Need attention
21645.0,154.96666666666667,65.0,0,Leaky bucket
78427.0,153.26666666666668,1930.0,3,Stars
82657.0,142.0,2283.0,3,Stars
51876.0,141.4,310.0,1,Need attention
78041.0,151.5,1319.0,3,Stars
52852.0,152.0,879.0,1,Need attention
70038.0,141.06666666666666,1244.0,3,Stars
69401.0,136.1,690.0,1,Need attention
46053.0,149.4,209.0,0,Leaky bucket
77343.0,133.5,1134.0,3,Stars
73892.0,140.43333333333334,1507.0,3,Stars
40304.0,141.9,57.0,0,Leaky bucket
32727.0,155.16666666666666,529.0,0,Leaky bucket
68695.0,132.96666666666667,1091.0,3,Stars
43300.0,153.63333333333333,180.0,0,Leaky bucket
26290.0,150.6,77.0,0,Leaky bucket
93790.0,137.4,2349.0,3,Stars
38410.0,154.6,534.0,0,Leaky bucket
64866.0,137.96666666666667,556.0,1,Need attention
57957.0,143.3,637.0,1,Need attention
46015.0,135.4,46.0,1,Need attention
16531.0,133.2,44.0,0,Leaky bucket
28072.0,144.7,47.0,0,Leaky bucket
49476.0,145.3,795.0,1,Need attention
50725.0,149.53333333333333,586.0,1,Need attention
83844.0,146.6,1574.0,3,Stars
41145.0,137.53333333333333,13.0,1,Need attention
67419.0,150.46666666666667,1471.0,3,Stars
23162.0,139.16666666666666,65.0,0,Leaky bucket
34380.0,146.93333333333334,175.0,0,Leaky bucket
34704.0,147.1,40.0,0,Leaky bucket
94871.0,155.03333333333333,1078.0,3,Stars
65148.0,152.5,1115.0,3,Stars
39898.0,149.56666666666666,134.0,1,Need attention
64857.0,152.26666666666668,1540.0,3,Stars
59892.0,140.8,87.0,1,Need attention
41020.0,140.96666666666667,217.0,0,Leaky bucket
57072.0,138.03333333333333,1034.0,1,Need attention
60474.0,147.96666666666667,1180.0,3,Stars
62807.0,155.06666666666666,819.0,3,Stars
19414.0,141.36666666666667,32.0,0,Leaky bucket
19107.0,143.2,46.0,0,Leaky bucket
75484.0,156.03333333333333,1159.0,3,Stars
70379.0,148.93333333333334,860.0,3,Stars
79419.0,133.06666666666666,1631.0,3,Stars
64014.0,133.46666666666667,444.0,1,Need attention
76998.0,150.63333333333333,1910.0,3,Stars
49854.0,140.53333333333333,380.0,0,Leaky bucket
60585.0,145.16666666666666,736.0,3,Stars
42873.0,150.3,269.0,1,Need attention
87679.0,144.06666666666666,2524.0,3,Stars
57867.0,141.86666666666667,612.0,0,Leaky bucket
35765.0,139.5,75.0,0,Leaky bucket
65492.0,137.96666666666667,1045.0,1,Need attention
32952.0,139.83333333333334,55.0,0,Leaky bucket
53374.0,155.56666666666666,1064.0,3,Stars
71706.0,152.6,1443.0,3,Stars
68487.0,150.56666666666666,1366.0,3,Stars
53253.0,149.6,436.0,0,Leaky bucket
31163.0,137.36666666666667,38.0,0,Leaky bucket
42014.0,155.53333333333333,436.0,0,Leaky bucket
54108.0,152.86666666666667,747.0,3,Stars
49667.0,155.43333333333334,1396.0,3,Stars
63206.0,136.2,928.0,3,Stars
57136.0,144.66666666666666,642.0,1,Need attention
46772.0,152.8,1048.0,3,Stars
78931.0,141.06666666666666,943.0,3,Stars
53977.0,145.7,907.0,1,Need attention
84219.0,137.73333333333332,1198.0,3,Stars
46098.0,155.5,120.0,0,Leaky bucket
73538.0,152.2,1658.0,3,Stars
79529.0,134.93333333333334,1638.0,3,Stars
20981.0,147.0,73.0,0,Leaky bucket
51766.0,136.5,275.0,0,Leaky bucket
55759.0,152.1,854.0,3,Stars
33039.0,142.6,78.0,0,Leaky bucket
37787.0,142.23333333333332,106.0,0,Leaky bucket
27242.0,152.66666666666666,106.0,0,Leaky bucket
87188.0,145.86666666666667,1923.0,3,Stars
69930.0,146.13333333333333,1662.0,3,Stars
37697.0,137.56666666666666,84.0,0,Leaky bucket
37401.0,134.63333333333333,48.0,0,Leaky bucket
3502.0,147.56666666666666,5.0,0,Leaky bucket
58597.0,152.36666666666667,733.0,3,Stars
82032.0,135.66666666666666,1234.0,1,Need attention
28087.0,151.66666666666666,112.0,1,Need attention
74004.0,137.0,1658.0,3,Stars
19740.0,148.23333333333332,55.0,0,Leaky bucket
57036.0,151.66666666666666,1513.0,3,Stars
53083.0,146.5,271.0,1,Need attention
69283.0,133.33333333333334,904.0,3,Stars
46098.0,155.5,120.0,0,Leaky bucket
23331.0,154.93333333333334,103.0,0,Leaky bucket
23331.0,153.9,269.0,0,Leaky bucket
9255.0,139.2,22.0,0,Leaky bucket
67786.0,139.63333333333333,1156.0,3,Stars
71969.0,153.53333333333333,1086.0,3,Stars
59235.0,150.6,1128.0,3,Stars
31928.0,135.93333333333334,72.0,0,Leaky bucket
74881.0,148.76666666666668,964.0,3,Stars
65819.0,152.06666666666666,1383.0,3,Stars
51411.0,146.13333333333333,18.0,1,Need attention
51983.0,155.06666666666666,793.0,3,Stars
42386.0,150.56666666666666,100.0,0,Leaky bucket
30390.0,142.83333333333334,80.0,0,Leaky bucket
30983.0,152.73333333333332,167.0,0,Leaky bucket
66033.0,150.33333333333334,677.0,1,Need attention
37284.0,148.06666666666666,23.0,0,Leaky bucket
57530.0,141.5,92.0,1,Need attention
76800.0,136.6,641.0,1,Need attention
63943.0,155.0,1106.0,3,Stars
76081.0,134.06666666666666,1033.0,1,Need attention
67445.0,155.7,1174.0,3,Stars
37054.0,142.4,25.0,0,Leaky bucket
47175.0,153.13333333333333,240.0,1,Need attention
31859.0,145.5,20.0,0,Leaky bucket
27215.0,150.23333333333332,102.0,0,Leaky bucket
70179.0,144.26666666666668,1034.0,3,Stars
39922.0,149.5,156.0,0,Leaky bucket
49681.0,140.73333333333332,458.0,0,Leaky bucket
24645.0,153.0,17.0,0,Leaky bucket
79865.0,133.2,792.0,1,Need attention
44322.0,133.26666666666668,92.0,0,Leaky bucket
47958.0,150.36666666666667,407.0,1,Need attention
63972.0,151.96666666666667,1269.0,3,Stars
75315.0,135.33333333333334,841.0,1,Need attention
55517.0,154.16666666666666,633.0,1,Need attention
75283.0,148.13333333333333,1019.0,3,Stars
82800.0,152.23333333333332,1315.0,3,Stars
38998.0,152.93333333333334,54.0,1,Need attention
90638.0,137.36666666666667,2525.0,3,Stars
27161.0,140.96666666666667,52.0,0,Leaky bucket
42014.0,155.53333333333333,436.0,0,Leaky bucket
38201.0,148.06666666666666,268.0,1,Need attention
45203.0,136.1,147.0,0,Leaky bucket
81574.0,134.9,1798.0,3,Stars
34935.0,145.26666666666668,137.0,0,Leaky bucket
60482.0,150.23333333333332,507.0,0,Leaky bucket
34633.0,138.06666666666666,15.0,1,Need attention
78093.0,139.5,1105.0,1,Need attention
82460.0,139.8,974.0,1,Need attention
45903.0,135.06666666666666,66.0,1,Need attention
81361.0,136.96666666666667,778.0,3,Stars
35860.0,134.2,49.0,0,Leaky bucket
40442.0,155.46666666666667,169.0,1,Need attention
61482.0,132.9,299.0,1,Need attention
34968.0,147.66666666666666,221.0,0,Leaky bucket
75794.0,139.06666666666666,1682.0,3,Stars
31497.0,151.83333333333334,155.0,0,Leaky bucket
74268.0,149.5,892.0,3,Stars
13724.0,155.06666666666666,58.0,0,Leaky bucket
45143.0,143.06666666666666,311.0,1,Need attention
52569.0,135.66666666666666,95.0,1,Need attention
48432.0,153.46666666666667,424.0,0,Leaky bucket
17144.0,137.3,47.0,0,Leaky bucket
36108.0,141.4,339.0,0,Leaky bucket
76445.0,154.13333333333333,1410.0,3,Stars
36663.0,135.0,35.0,0,Leaky bucket
53843.0,145.06666666666666,562.0,1,Need attention
90226.0,154.2,2352.0,3,Stars
70638.0,145.93333333333334,1334.0,3,Stars
44512.0,142.93333333333334,32.0,1,Need attention
27116.0,136.8,41.0,1,Need attention
54072.0,144.06666666666666,39.0,1,Need attention
71855.0,150.46666666666667,1141.0,3,Stars
51250.0,148.03333333333333,710.0,0,Leaky bucket
60432.0,136.56666666666666,401.0,1,Need attention
65526.0,135.46666666666667,506.0,1,Need attention
68655.0,155.76666666666668,1538.0,3,Stars
12393.0,151.9,57.0,0,Leaky bucket
64509.0,143.36666666666667,1722.0,3,Stars
33955.0,143.63333333333333,270.0,0,Leaky bucket
31353.0,138.9,31.0,0,Leaky bucket
55434.0,141.73333333333332,882.0,0,Leaky bucket
28359.0,141.0,16.0,0,Leaky bucket
57100.0,134.23333333333332,311.0,0,Leaky bucket
69139.0,137.93333333333334,227.0,1,Need attention
52973.0,152.76666666666668,1152.0,3,Stars
51717.0,143.26666666666668,122.0,1,Need attention
18793.0,150.6,77.0,0,Leaky bucket
66664.0,154.23333333333332,1289.0,3,Stars
50664.0,150.46666666666667,561.0,1,Need attention
54414.0,150.23333333333332,211.0,1,Need attention
54549.0,136.76666666666668,233.0,1,Need attention
47111.0,154.8,1092.0,3,Stars
41003.0,148.46666666666667,601.0,1,Need attention
19444.0,137.06666666666666,54.0,0,Leaky bucket
36301.0,141.06666666666666,78.0,0,Leaky bucket
73059.0,142.9,1095.0,1,Need attention
42731.0,141.2,244.0,0,Leaky bucket
52854.0,136.06666666666666,116.0,1,Need attention
22775.0,145.33333333333334,15.0,0,Leaky bucket
46681.0,141.63333333333333,425.0,1,Need attention
59821.0,147.6,734.0,1,Need attention
50002.0,145.4,638.0,1,Need attention
69755.0,141.83333333333334,894.0,1,Need attention
44078.0,133.16666666666666,41.0,0,Leaky bucket
30560.0,145.06666666666666,31.0,0,Leaky bucket
35924.0,136.1,34.0,0,Leaky bucket
64140.0,142.13333333333333,1750.0,3,Stars
56386.0,153.16666666666666,612.0,0,Leaky bucket
24594.0,139.53333333333333,29.0,0,Leaky bucket
75774.0,134.76666666666668,823.0,3,Stars
39228.0,146.66666666666666,20.0,1,Need attention
58494.0,139.46666666666667,396.0,0,Leaky bucket
58684.0,133.26666666666668,813.0,0,Leaky bucket
57136.0,146.4,1179.0,3,Stars
56551.0,134.6,138.0,1,Need attention
22448.0,136.93333333333334,55.0,0,Leaky bucket
82014.0,155.43333333333334,1511.0,3,Stars
34213.0,154.83333333333334,117.0,0,Leaky bucket
157146.0,147.03333333333333,1730.0,2,High potential
25358.0,144.23333333333332,32.0,1,Need attention
35544.0,136.6,67.0,0,Leaky bucket
36634.0,146.06666666666666,335.0,1,Need attention
62670.0,137.73333333333332,825.0,1,Need attention
50334.0,144.16666666666666,694.0,0,Leaky bucket
72066.0,133.03333333333333,1792.0,3,Stars
50729.0,146.93333333333334,496.0,1,Need attention
34916.0,146.5,231.0,0,Leaky bucket
64892.0,133.86666666666667,902.0,3,Stars
43602.0,138.5,68.0,1,Need attention
33996.0,142.53333333333333,71.0,0,Leaky bucket
41473.0,145.33333333333334,76.0,0,Leaky bucket
63246.0,143.26666666666668,772.0,1,Need attention
36732.0,138.9,47.0,1,Need attention
69084.0,140.23333333333332,1586.0,3,Stars
77766.0,149.23333333333332,1529.0,3,Stars
37929.0,143.96666666666667,265.0,0,Leaky bucket
86610.0,142.73333333333332,1603.0,3,Stars
80141.0,150.63333333333333,2091.0,3,Stars
72635.0,145.86666666666667,981.0,1,Need attention
69016.0,152.3,1533.0,3,Stars
20193.0,152.1,82.0,0,Leaky bucket
27573.0,148.2,244.0,0,Leaky bucket
15862.0,145.06666666666666,36.0,0,Leaky bucket
49544.0,149.56666666666666,404.0,0,Leaky bucket
33228.0,138.06666666666666,71.0,0,Leaky bucket
70440.0,141.63333333333333,1572.0,3,Stars
38232.0,138.26666666666668,122.0,0,Leaky bucket
22554.0,152.93333333333334,41.0,1,Need attention
23536.0,133.66666666666666,10.0,0,Leaky bucket
49413.0,141.06666666666666,304.0,1,Need attention
42231.0,136.03333333333333,37.0,0,Leaky bucket
78789.0,155.83333333333334,1754.0,3,Stars
56534.0,144.2,815.0,1,Need attention
58350.0,150.86666666666667,1001.0,3,Stars
81217.0,144.33333333333334,1157.0,3,Stars
49090.0,144.33333333333334,688.0,1,Need attention
61787.0,144.76666666666668,1319.0,3,Stars
18169.0,149.33333333333334,21.0,0,Leaky bucket
24336.0,155.2,31.0,0,Leaky bucket
18222.0,151.0,67.0,0,Leaky bucket
62335.0,146.23333333333332,708.0,1,Need attention
42033.0,154.43333333333334,25.0,0,Leaky bucket
86580.0,149.06666666666666,746.0,3,Stars
41437.0,154.33333333333334,32.0,1,Need attention
73705.0,136.7,1695.0,3,Stars
61064.0,155.06666666666666,1080.0,3,Stars
38452.0,135.86666666666667,72.0,1,Need attention
18358.0,140.2,57.0,0,Leaky bucket
55012.0,136.16666666666666,660.0,1,Need attention
9722.0,154.0,103.0,0,Leaky bucket
38175.0,142.13333333333333,153.0,0,Leaky bucket
58656.0,154.4,1220.0,3,Stars
52117.0,155.56666666666666,279.0,1,Need attention
64813.0,138.76666666666668,745.0,3,Stars
54222.0,136.83333333333334,264.0,0,Leaky bucket
83512.0,133.23333333333332,2157.0,3,Stars
77520.0,143.0,1526.0,3,Stars
41154.0,147.7,69.0,0,Leaky bucket
80398.0,152.7,1597.0,3,Stars
18746.0,133.86666666666667,64.0,0,Leaky bucket
35196.0,152.6,497.0,0,Leaky bucket
60230.0,146.33333333333334,1067.0,1,Need attention
22108.0,134.56666666666666,31.0,0,Leaky bucket
44392.0,142.73333333333332,211.0,0,Leaky bucket
55424.0,152.2,877.0,3,Stars
17688.0,150.56666666666666,11.0,0,Leaky bucket
92491.0,146.96666666666667,2034.0,3,Stars
90273.0,139.4,1991.0,3,Stars
82571.0,135.76666666666668,1686.0,3,Stars
38513.0,137.9,324.0,0,Leaky bucket
16653.0,135.23333333333332,69.0,0,Leaky bucket
42586.0,153.1,252.0,1,Need attention
23529.0,150.76666666666668,54.0,0,Leaky bucket
74881.0,148.76666666666668,964.0,3,Stars
71107.0,149.4,1327.0,3,Stars
46910.0,136.1,68.0,1,Need attention
18690.0,151.1,60.0,0,Leaky bucket
37244.0,147.1,55.0,1,Need attention
82427.0,136.46666666666667,1456.0,3,Stars
75342.0,146.8,563.0,1,Need attention
70044.0,149.36666666666667,1504.0,3,Stars
79146.0,135.03333333333333,564.0,1,Need attention
77437.0,140.0,1125.0,3,Stars
54984.0,134.03333333333333,358.0,1,Need attention
42403.0,139.5,42.0,0,Leaky bucket
55761.0,135.03333333333333,184.0,1,Need attention
37292.0,147.4,460.0,0,Leaky bucket
45576.0,133.9,145.0,1,Need attention
70321.0,150.46666666666667,1376.0,3,Stars
58086.0,150.33333333333334,792.0,3,Stars
81795.0,153.2,1382.0,3,Stars
28389.0,152.36666666666667,28.0,1,Need attention
66835.0,141.96666666666667,1033.0,1,Need attention
69901.0,146.03333333333333,882.0,3,Stars
80360.0,148.93333333333334,2231.0,3,Stars
63342.0,153.53333333333333,1101.0,3,Stars
44989.0,154.66666666666666,369.0,0,Leaky bucket
31859.0,136.9,48.0,0,Leaky bucket
51569.0,149.56666666666666,467.0,1,Need attention
30372.0,151.2,44.0,0,Leaky bucket
16014.0,148.46666666666667,38.0,0,Leaky bucket
41120.0,140.66666666666666,81.0,0,Leaky bucket
39763.0,143.8,167.0,0,Leaky bucket
38725.0,134.5,45.0,1,Need attention
77981.0,146.13333333333333,664.0,3,Stars
62905.0,142.56666666666666,622.0,1,Need attention
13533.0,148.7,48.0,0,Leaky bucket
59481.0,141.13333333333333,461.0,0,Leaky bucket
72117.0,143.26666666666668,1073.0,3,Stars
21955.0,142.66666666666666,55.0,0,Leaky bucket
67131.0,148.16666666666666,976.0,1,Need attention
36802.0,133.26666666666668,20.0,0,Leaky bucket
71853.0,146.73333333333332,1149.0,3,Stars
28249.0,133.3,43.0,1,Need attention
47808.0,141.23333333333332,224.0,0,Leaky bucket
25509.0,154.46666666666667,101.0,0,Leaky bucket
51012.0,147.4,209.0,1,Need attention
70596.0,153.9,968.0,3,Stars
85431.0,145.7,1165.0,3,Stars
42664.0,136.26666666666668,24.0,1,Need attention
42586.0,153.1,252.0,1,Need attention
29760.0,155.13333333333333,165.0,0,Leaky bucket
28973.0,153.63333333333333,269.0,0,Leaky bucket
39435.0,143.73333333333332,102.0,0,Leaky bucket
65370.0,143.9,461.0,0,Leaky bucket
20194.0,151.46666666666667,47.0,0,Leaky bucket
42473.0,137.23333333333332,144.0,0,Leaky bucket
64590.0,153.6,1338.0,3,Stars
71232.0,139.93333333333334,917.0,1,Need attention
34600.0,150.96666666666667,318.0,0,Leaky bucket
46904.0,152.93333333333334,253.0,0,Leaky bucket
49094.0,154.36666666666667,502.0,0,Leaky bucket
36075.0,139.56666666666666,119.0,0,Leaky bucket
60839.0,155.16666666666666,1250.0,3,Stars
77298.0,140.8,969.0,3,Stars
34026.0,143.76666666666668,76.0,1,Need attention
48918.0,135.43333333333334,62.0,1,Need attention
82122.0,143.43333333333334,1382.0,3,Stars
37697.0,137.56666666666666,84.0,0,Leaky bucket
34074.0,144.53333333333333,255.0,1,Need attention
28520.0,145.5,43.0,1,Need attention
62535.0,141.8,398.0,1,Need attention
36273.0,135.3,76.0,0,Leaky bucket
63404.0,133.6,902.0,1,Need attention
75774.0,134.76666666666668,823.0,3,Stars
78416.0,132.9,1179.0,3,Stars
75702.0,153.6,1921.0,3,Stars
59385.0,147.06666666666666,185.0,1,Need attention
37070.0,148.36666666666667,433.0,0,Leaky bucket
44689.0,138.5,34.0,1,Need attention
53977.0,145.7,907.0,1,Need attention
7144.0,139.63333333333333,416.0,0,Leaky bucket
18701.0,145.83333333333334,44.0,0,Leaky bucket
90369.0,134.9,1588.0,3,Stars
63159.0,152.86666666666667,1797.0,3,Stars
37758.0,153.93333333333334,40.0,0,Leaky bucket
46757.0,152.5,1143.0,3,Stars
79734.0,132.86666666666667,914.0,3,Stars
63207.0,150.33333333333334,1502.0,3,Stars
72071.0,149.5,1338.0,3,Stars
21840.0,144.26666666666668,27.0,0,Leaky bucket
58582.0,141.96666666666667,763.0,0,Leaky bucket
72282.0,144.33333333333334,1331.0,3,Stars
50387.0,142.9,525.0,1,Need attention
32583.0,133.3,9.0,1,Need attention
62568.0,135.6,953.0,1,Need attention
44635.0,141.53333333333333,68.0,0,Leaky bucket
33316.0,141.76666666666668,131.0,0,Leaky bucket
63967.0,143.63333333333333,882.0,3,Stars
52513.0,154.93333333333334,1149.0,3,Stars
25293.0,142.4,37.0,0,Leaky bucket
54111.0,143.1,388.0,1,Need attention
78394.0,149.46666666666667,1428.0,3,Stars
80739.0,146.23333333333332,1633.0,3,Stars
22669.0,146.26666666666668,173.0,0,Leaky bucket
29236.0,141.63333333333333,99.0,0,Leaky bucket
44911.0,148.53333333333333,215.0,1,Need attention
54693.0,149.4,929.0,1,Need attention
48186.0,136.2,219.0,0,Leaky bucket
54809.0,142.53333333333333,174.0,0,Leaky bucket
41580.0,151.7,92.0,0,Leaky bucket
80336.0,142.6,1052.0,3,Stars
47743.0,148.3,275.0,1,Need attention
62972.0,156.0,587.0,1,Need attention
57333.0,154.33333333333334,1662.0,3,Stars
32313.0,149.6,159.0,0,Leaky bucket
84953.0,145.86666666666667,1024.0,3,Stars
27071.0,135.06666666666666,35.0,0,Leaky bucket
68148.0,142.9,1042.0,1,Need attention
65735.0,139.63333333333333,395.0,1,Need attention
86836.0,154.66666666666666,557.0,3,Stars
4023.0,133.03333333333333,9.0,0,Leaky bucket
30093.0,144.7,69.0,0,Leaky bucket
57705.0,138.46666666666667,486.0,1,Need attention
25008.0,137.73333333333332,34.0,0,Leaky bucket
83257.0,154.46666666666667,1365.0,3,Stars
22280.0,146.36666666666667,13.0,0,Leaky bucket
72159.0,153.1,1401.0,3,Stars
64260.0,150.63333333333333,1574.0,3,Stars
82733.0,142.56666666666666,1323.0,3,Stars
74290.0,143.53333333333333,1217.0,3,Stars
58217.0,152.46666666666667,103.0,1,Need attention
21024.0,144.83333333333334,84.0,0,Leaky bucket
70116.0,150.13333333333333,1536.0,3,Stars
54006.0,154.46666666666667,581.0,0,Leaky bucket
69063.0,152.8,928.0,3,Stars
11448.0,139.36666666666667,14.0,0,Leaky bucket
61825.0,143.7,424.0,0,Leaky bucket
70886.0,141.43333333333334,960.0,3,Stars
69109.0,152.73333333333332,1555.0,3,Stars
60208.0,153.83333333333334,656.0,3,Stars
32889.0,142.7,55.0,0,Leaky bucket
34738.0,134.46666666666667,20.0,0,Leaky bucket
30538.0,154.03333333333333,367.0,0,Leaky bucket
82326.0,136.53333333333333,2257.0,3,Stars
26642.0,136.83333333333334,42.0,0,Leaky bucket
69932.0,145.56666666666666,1049.0,3,Stars
44503.0,135.3,48.0,0,Leaky bucket
60200.0,150.93333333333334,685.0,1,Need attention
49638.0,135.2,39.0,1,Need attention
23830.0,137.56666666666666,43.0,0,Leaky bucket
33051.0,155.56666666666666,835.0,1,Need attention
72905.0,138.13333333333333,1515.0,3,Stars
69702.0,149.33333333333334,1039.0,1,Need attention
70300.0,144.46666666666667,1596.0,3,Stars
70643.0,153.56666666666666,1828.0,3,Stars
30396.0,134.83333333333334,34.0,0,Leaky bucket
50616.0,135.23333333333332,149.0,1,Need attention
62772.0,146.36666666666667,946.0,3,Stars
30298.0,134.2,28.0,0,Leaky bucket
52413.0,152.93333333333334,450.0,0,Leaky bucket
44155.0,138.2,46.0,1,Need attention
86979.0,140.63333333333333,1702.0,3,Stars
76532.0,142.6,820.0,3,Stars
42081.0,149.1,382.0,0,Leaky bucket
67546.0,155.06666666666666,2126.0,3,Stars
88420.0,134.76666666666668,2069.0,3,Stars
31158.0,150.1,72.0,0,Leaky bucket
61671.0,133.7,732.0,1,Need attention
69719.0,133.96666666666667,801.0,3,Stars
49160.0,141.23333333333332,236.0,1,Need attention
24882.0,154.76666666666668,80.0,0,Leaky bucket
90933.0,135.83333333333334,1685.0,3,Stars
113734.0,133.9,277.0,1,Need attention
59292.0,145.53333333333333,507.0,1,Need attention
45759.0,149.2,68.0,1,Need attention
22148.0,135.4,49.0,0,Leaky bucket
73395.0,136.26666666666668,397.0,0,Leaky bucket
29819.0,141.1,39.0,0,Leaky bucket
45688.0,138.0,306.0,1,Need attention
62820.0,146.63333333333333,976.0,1,Need attention
60491.0,142.7,1028.0,3,Stars
33235.0,137.63333333333333,70.0,0,Leaky bucket
35701.0,148.4,46.0,1,Need attention
31535.0,142.03333333333333,51.0,0,Leaky bucket
92556.0,135.16666666666666,1263.0,3,Stars
67384.0,152.7,1490.0,3,Stars
80573.0,153.6,1564.0,3,Stars
77870.0,155.36666666666667,1815.0,3,Stars
52278.0,150.16666666666666,1198.0,3,Stars
57107.0,155.3,416.0,0,Leaky bucket
18929.0,149.43333333333334,85.0,0,Leaky bucket
36038.0,145.96666666666667,47.0,0,Leaky bucket
20180.0,149.3,137.0,0,Leaky bucket
34230.0,151.16666666666666,21.0,0,Leaky bucket
31878.0,133.06666666666666,70.0,0,Leaky bucket
70932.0,138.2,909.0,3,Stars
91249.0,153.4,1676.0,3,Stars
77598.0,141.86666666666667,1735.0,3,Stars
80982.0,150.73333333333332,1191.0,3,Stars
22701.0,142.73333333333332,24.0,0,Leaky bucket
55212.0,152.26666666666668,1182.0,3,Stars
70617.0,145.2,1280.0,3,Stars
64849.0,152.6,1336.0,3,Stars
62694.0,145.4,749.0,1,Need attention
61917.0,140.2,91.0,0,Leaky bucket
67472.0,141.96666666666667,414.0,1,Need attention
21059.0,138.6,44.0,0,Leaky bucket
29543.0,135.8,63.0,0,Leaky bucket
75903.0,147.73333333333332,901.0,1,Need attention
34984.0,154.86666666666667,38.0,0,Leaky bucket
54998.0,148.7,455.0,1,Need attention
54356.0,152.4,775.0,1,Need attention
34242.0,136.1,15.0,1,Need attention
25410.0,142.9,38.0,0,Leaky bucket
73356.0,137.6,1512.0,3,Stars
28320.0,150.53333333333333,43.0,1,Need attention
23763.0,155.86666666666667,42.0,0,Leaky bucket
72570.0,135.0,1089.0,3,Stars
34529.0,154.6,162.0,0,Leaky bucket
70792.0,149.76666666666668,1272.0,3,Stars
63211.0,152.96666666666667,1173.0,3,Stars
83891.0,133.13333333333333,816.0,3,Stars
36065.0,148.0,74.0,0,Leaky bucket
39898.0,149.56666666666666,134.0,1,Need attention
51141.0,144.7,157.0,1,Need attention
56939.0,142.3,561.0,0,Leaky bucket
80872.0,134.43333333333334,1336.0,1,Need attention
72335.0,155.66666666666666,2092.0,3,Stars
61798.0,140.1,463.0,1,Need attention
76842.0,134.73333333333332,1130.0,1,Need attention
29478.0,138.26666666666668,20.0,0,Leaky bucket
46998.0,153.33333333333334,377.0,1,Need attention
96843.0,147.23333333333332,1544.0,3,Stars
56551.0,134.6,138.0,1,Need attention
70053.0,144.86666666666667,1012.0,3,Stars
71670.0,144.66666666666666,1766.0,3,Stars
44359.0,133.23333333333332,45.0,0,Leaky bucket
40887.0,146.8,161.0,1,Need attention
48877.0,138.66666666666666,144.0,1,Need attention
74485.0,143.13333333333333,1734.0,3,Stars
64474.0,141.16666666666666,823.0,3,Stars
77226.0,136.86666666666667,1138.0,3,Stars
72643.0,149.06666666666666,1429.0,3,Stars
85738.0,138.06666666666666,1371.0,3,Stars
55686.0,149.5,982.0,3,Stars
39062.0,136.03333333333333,44.0,0,Leaky bucket
34600.0,150.96666666666667,318.0,0,Leaky bucket
40794.0,147.76666666666668,434.0,0,Leaky bucket
54690.0,140.63333333333333,198.0,0,Leaky bucket
4428.0,141.73333333333332,359.0,0,Leaky bucket
32632.0,156.03333333333333,576.0,0,Leaky bucket
38236.0,142.23333333333332,88.0,0,Leaky bucket
36781.0,135.5,63.0,0,Leaky bucket
31385.0,151.86666666666667,27.0,0,Leaky bucket
24570.0,149.06666666666666,193.0,0,Leaky bucket
25509.0,154.46666666666667,101.0,0,Leaky bucket
94642.0,137.4,2211.0,3,Stars
58646.0,145.63333333333333,140.0,1,Need attention
53201.0,149.56666666666666,415.0,0,Leaky bucket
21994.0,151.23333333333332,22.0,0,Leaky bucket
57113.0,149.76666666666668,263.0,0,Leaky bucket
51373.0,145.23333333333332,393.0,0,Leaky bucket
23477.0,141.2,147.0,0,Leaky bucket
58116.0,135.4,443.0,1,Need attention
72968.0,139.33333333333334,1958.0,3,Stars
39791.0,148.1,174.0,0,Leaky bucket
91712.0,141.33333333333334,2217.0,3,Stars
94472.0,135.73333333333332,1691.0,3,Stars
13672.0,147.43333333333334,25.0,0,Leaky bucket
96547.0,134.06666666666666,809.0,3,Stars
79205.0,155.13333333333333,895.0,3,Stars
56559.0,151.2,484.0,0,Leaky bucket
32644.0,150.46666666666667,413.0,0,Leaky bucket
67506.0,138.76666666666668,331.0,0,Leaky bucket
24206.0,148.76666666666668,25.0,0,Leaky bucket
28420.0,139.06666666666666,13.0,0,Leaky bucket
22979.0,154.86666666666667,115.0,0,Leaky bucket
33279.0,133.4,16.0,0,Leaky bucket
46423.0,142.3,92.0,0,Leaky bucket
30368.0,140.63333333333333,52.0,0,Leaky bucket
63684.0,152.16666666666666,1464.0,3,Stars
41638.0,149.53333333333333,441.0,1,Need attention
68805.0,142.33333333333334,283.0,1,Need attention
65814.0,136.8,747.0,1,Need attention
71964.0,146.33333333333334,1870.0,3,Stars
39146.0,149.5,165.0,0,Leaky bucket
96876.0,143.73333333333332,1941.0,3,Stars
34445.0,150.1,839.0,0,Leaky bucket
68281.0,155.86666666666667,1655.0,3,Stars
37284.0,148.06666666666666,23.0,0,Leaky bucket
36790.0,149.0,66.0,0,Leaky bucket
27943.0,147.5,37.0,0,Leaky bucket
22263.0,135.86666666666667,21.0,1,Need attention
30261.0,154.23333333333332,22.0,0,Leaky bucket
28587.0,137.4,78.0,0,Leaky bucket
43815.0,147.83333333333334,79.0,0,Leaky bucket
48195.0,138.13333333333333,265.0,1,Need attention
77027.0,137.63333333333333,1175.0,1,Need attention
71322.0,149.43333333333334,1305.0,3,Stars
32765.0,137.03333333333333,46.0,0,Leaky bucket
29672.0,148.63333333333333,25.0,0,Leaky bucket
23272.0,141.33333333333334,46.0,1,Need attention
49912.0,154.83333333333334,874.0,1,Need attention
7500.0,156.06666666666666,100.0,0,Leaky bucket
68117.0,148.7,930.0,1,Need attention
67225.0,140.0,868.0,1,Need attention
17649.0,140.46666666666667,45.0,0,Leaky bucket
55914.0,147.03333333333333,1260.0,3,Stars
40059.0,141.96666666666667,414.0,0,Leaky bucket
60905.0,139.7,392.0,1,Need attention
75330.0,153.93333333333334,1109.0,3,Stars
60689.0,145.93333333333334,639.0,1,Need attention
38680.0,148.1,79.0,0,Leaky bucket
61416.0,149.7,1665.0,3,Stars
49767.0,146.93333333333334,692.0,0,Leaky bucket
83273.0,154.23333333333332,1392.0,3,Stars
29009.0,139.9,44.0,0,Leaky bucket
45057.0,139.83333333333334,50.0,0,Leaky bucket
37150.0,154.7,467.0,0,Leaky bucket
43020.0,139.86666666666667,223.0,0,Leaky bucket
53154.0,133.5,158.0,1,Need attention
65308.0,142.53333333333333,1211.0,3,Stars
76467.0,155.53333333333333,1575.0,3,Stars
81044.0,138.96666666666667,1208.0,1,Need attention
32871.0,148.73333333333332,43.0,1,Need attention
55801.0,142.16666666666666,527.0,0,Leaky bucket
76320.0,133.06666666666666,932.0,1,Need attention
36927.0,133.73333333333332,71.0,1,Need attention
48794.0,132.93333333333334,54.0,1,Need attention
23478.0,148.4,129.0,0,Leaky bucket
71128.0,153.86666666666667,1615.0,3,Stars
70179.0,144.26666666666668,1034.0,3,Stars
59462.0,150.83333333333334,1088.0,1,Need attention
38361.0,138.96666666666667,137.0,0,Leaky bucket
70038.0,141.06666666666666,1244.0,3,Stars
42554.0,150.6,41.0,0,Leaky bucket
67445.0,155.7,1174.0,3,Stars
67046.0,150.8,993.0,1,Need attention
42192.0,142.7,100.0,1,Need attention
77610.0,153.1,1680.0,3,Stars
31761.0,135.66666666666666,98.0,0,Leaky bucket
34350.0,141.26666666666668,48.0,0,Leaky bucket
54591.0,143.76666666666668,519.0,1,Need attention
71866.0,139.03333333333333,715.0,1,Need attention
25293.0,142.4,37.0,0,Leaky bucket
42000.0,150.66666666666666,653.0,0,Leaky bucket
69520.0,144.73333333333332,1455.0,3,Stars
64713.0,137.56666666666666,602.0,1,Need attention
27889.0,144.8,26.0,0,Leaky bucket
22123.0,135.96666666666667,102.0,1,Need attention
27803.0,155.23333333333332,176.0,0,Leaky bucket
51651.0,152.8,433.0,1,Need attention
68487.0,150.56666666666666,1366.0,3,Stars
56796.0,149.43333333333334,1001.0,3,Stars
87000.0,151.53333333333333,961.0,3,Stars
79823.0,135.83333333333334,1518.0,3,Stars
30828.0,141.76666666666668,56.0,0,Leaky bucket
34109.0,140.66666666666666,22.0,0,Leaky bucket
53367.0,142.9,400.0,0,Leaky bucket
22390.0,141.2,26.0,0,Leaky bucket
71322.0,134.76666666666668,350.0,1,Need attention
79244.0,151.4,1216.0,3,Stars
49912.0,154.83333333333334,874.0,1,Need attention
48699.0,146.3,40.0,1,Need attention
80144.0,141.9,1367.0,3,Stars
54252.0,146.06666666666666,264.0,1,Need attention
81929.0,154.1,2053.0,3,Stars
76068.0,152.06666666666666,1376.0,3,Stars
53204.0,136.2,45.0,0,Leaky bucket
67911.0,134.1,976.0,1,Need attention
14796.0,154.5,51.0,0,Leaky bucket
78128.0,137.16666666666666,1264.0,3,Stars
14188.0,149.03333333333333,75.0,0,Leaky bucket
20425.0,153.1,57.0,0,Leaky bucket
58646.0,145.63333333333333,140.0,1,Need attention
72967.0,151.53333333333333,497.0,3,Stars
48150.0,145.7,266.0,1,Need attention
82332.0,154.5,2006.0,3,Stars
58275.0,145.9,615.0,1,Need attention
44953.0,151.33333333333334,1021.0,3,Stars
34587.0,134.3,22.0,1,Need attention
43018.0,140.83333333333334,133.0,0,Leaky bucket
45736.0,144.16666666666666,437.0,1,Need attention
66476.0,139.73333333333332,1013.0,3,Stars
27733.0,143.06666666666666,57.0,0,Leaky bucket
69805.0,138.13333333333333,1038.0,1,Need attention
72217.0,147.66666666666666,1573.0,3,Stars
25818.0,153.46666666666667,28.0,0,Leaky bucket
37509.0,154.66666666666666,123.0,0,Leaky bucket
25176.0,143.6,13.0,0,Leaky bucket
43586.0,155.1,132.0,0,Leaky bucket
53230.0,156.0,732.0,1,Need attention
50116.0,133.13333333333333,66.0,1,Need attention
84906.0,141.76666666666668,1631.0,3,Stars
61286.0,143.86666666666667,608.0,1,Need attention
82333.0,148.03333333333333,1822.0,3,Stars
65220.0,154.96666666666667,1282.0,3,Stars
33590.0,140.76666666666668,8.0,0,Leaky bucket
30992.0,147.26666666666668,43.0,0,Leaky bucket
72309.0,148.66666666666666,1931.0,3,Stars
156924.0,142.96666666666667,8.0,2,High potential
16005.0,155.63333333333333,103.0,0,Leaky bucket
65487.0,138.5,1169.0,1,Need attention
58692.0,135.63333333333333,395.0,1,Need attention
40590.0,141.83333333333334,258.0,0,Leaky bucket
20587.0,134.46666666666667,25.0,0,Leaky bucket
62637.0,136.83333333333334,185.0,1,Need attention
29435.0,155.9,180.0,0,Leaky bucket
19346.0,137.83333333333334,22.0,0,Leaky bucket
35788.0,138.06666666666666,44.0,0,Leaky bucket
36997.0,149.93333333333334,94.0,0,Leaky bucket
23539.0,136.86666666666667,81.0,1,Need attention
65333.0,138.26666666666668,798.0,3,Stars
78499.0,140.1,1334.0,3,Stars
29732.0,136.03333333333333,38.0,0,Leaky bucket
41275.0,136.06666666666666,61.0,1,Need attention
63516.0,144.76666666666668,300.0,0,Leaky bucket
42769.0,141.5,88.0,1,Need attention
49572.0,139.36666666666667,54.0,1,Need attention
69209.0,154.5,1782.0,3,Stars
17148.0,137.9,68.0,0,Leaky bucket
40590.0,141.83333333333334,258.0,0,Leaky bucket
30560.0,145.06666666666666,31.0,0,Leaky bucket
32146.0,134.43333333333334,66.0,0,Leaky bucket
41713.0,134.86666666666667,174.0,1,Need attention
34176.0,138.1,28.0,0,Leaky bucket
58482.0,136.46666666666667,731.0,1,Need attention
59686.0,138.0,274.0,1,Need attention
60896.0,153.7,1701.0,3,Stars
62994.0,136.73333333333332,312.0,0,Leaky bucket
47320.0,143.9,414.0,1,Need attention
74859.0,145.86666666666667,1565.0,3,Stars
15253.0,140.96666666666667,29.0,0,Leaky bucket
31560.0,145.16666666666666,94.0,0,Leaky bucket
72071.0,149.5,1338.0,3,Stars
91172.0,148.13333333333333,1092.0,3,Stars
90000.0,139.1,1479.0,3,Stars
41967.0,140.1,54.0,0,Leaky bucket
69263.0,136.7,568.0,1,Need attention
65706.0,145.03333333333333,1199.0,3,Stars
60934.0,138.26666666666668,873.0,3,Stars
71965.0,144.0,1213.0,1,Need attention
65210.0,136.53333333333333,731.0,1,Need attention
79174.0,150.63333333333333,2043.0,3,Stars
81380.0,151.3,1893.0,3,Stars
48432.0,153.46666666666667,424.0,0,Leaky bucket
52914.0,150.76666666666668,575.0,0,Leaky bucket
38946.0,141.1,257.0,1,Need attention
26067.0,140.73333333333332,56.0,0,Leaky bucket
44325.0,148.8,542.0,0,Leaky bucket
42523.0,135.06666666666666,125.0,1,Need attention
26487.0,146.33333333333334,69.0,0,Leaky bucket
53233.0,136.26666666666668,40.0,1,Need attention
67716.0,150.66666666666666,1016.0,3,Stars
76234.0,137.6,907.0,3,Stars
84117.0,134.46666666666667,1566.0,3,Stars
65487.0,138.5,1169.0,1,Need attention
25224.0,136.33333333333334,46.0,0,Leaky bucket
89616.0,149.13333333333333,1644.0,3,Stars
40851.0,149.26666666666668,59.0,0,Leaky bucket
27469.0,156.03333333333333,17.0,1,Need attention
82347.0,152.83333333333334,1853.0,3,Stars
73803.0,156.06666666666666,1528.0,3,Stars
8820.0,148.3,35.0,1,Need attention
43322.0,135.13333333333333,141.0,0,Leaky bucket
55593.0,143.23333333333332,546.0,0,Leaky bucket
50501.0,145.36666666666667,500.0,1,Need attention
37085.0,132.93333333333334,61.0,0,Leaky bucket
16185.0,143.76666666666668,106.0,0,Leaky bucket
57731.0,152.26666666666668,704.0,3,Stars
48432.0,153.46666666666667,424.0,0,Leaky bucket
73807.0,150.93333333333334,849.0,3,Stars
18929.0,149.43333333333334,85.0,0,Leaky bucket
35893.0,153.56666666666666,199.0,0,Leaky bucket
61014.0,155.73333333333332,1147.0,3,Stars
32144.0,136.1,54.0,1,Need attention
14918.0,151.8,43.0,0,Leaky bucket
45146.0,144.46666666666667,53.0,1,Need attention
41769.0,149.53333333333333,521.0,1,Need attention
88325.0,137.63333333333333,1623.0,3,Stars
38054.0,134.8,45.0,1,Need attention
80617.0,153.66666666666666,1435.0,3,Stars
5305.0,143.96666666666667,32.0,0,Leaky bucket
36807.0,151.36666666666667,16.0,1,Need attention
28427.0,148.33333333333334,52.0,0,Leaky bucket
82032.0,135.66666666666666,1234.0,1,Need attention
22775.0,145.33333333333334,15.0,0,Leaky bucket
40101.0,153.6,415.0,0,Leaky bucket
58025.0,140.0,470.0,0,Leaky bucket
75777.0,144.83333333333334,1438.0,3,Stars
7500.0,146.76666666666668,53.0,0,Leaky bucket
33562.0,132.96666666666667,51.0,1,Need attention
57642.0,138.53333333333333,679.0,1,Need attention
58554.0,154.2,586.0,3,Stars
63777.0,148.23333333333332,653.0,3,Stars
57967.0,148.93333333333334,468.0,1,Need attention
24434.0,134.23333333333332,50.0,0,Leaky bucket
11012.0,148.5,84.0,0,Leaky bucket
44802.0,155.4,1049.0,3,Stars
26816.0,155.53333333333333,22.0,0,Leaky bucket
34421.0,144.93333333333334,30.0,0,Leaky bucket
61223.0,145.53333333333333,1341.0,3,Stars
64014.0,133.46666666666667,444.0,1,Need attention
56981.0,138.0,1241.0,3,Stars
69245.0,138.03333333333333,843.0,1,Need attention
52869.0,153.56666666666666,172.0,1,Need attention
